시설종류,대상시설명,소재지도로명주소,소재지지번주소,위도,경도,관리기관명,관할경찰서명,CCTV설치여부,CCTV설치대수,보호구역도로폭,데이터기준일자
초등학교,남도초등학교,대구광역시 남구 현충동길 74(대명동),대구광역시 남구 대명동 1709,35.8450271854,128.5814016425,대구광역시,남부경찰서,Y,7.0,6~8,2020-03-23
초등학교,영선초등학교,대구광역시 남구 영선길96(이천동),대구광역시 남구 이천동 477,35.8529010075,128.5960142233,대구광역시,남부경찰서,Y,8.0,6~10,2020-03-23
초등학교,성명초등학교,대구광역시 남구 성당로 30길 55(대명동),대구광역시 남구 대명동 3050,35.84515216,128.5708254,대구광역시,남부경찰서,Y,14.0,8~12,2020-03-23
초등학교,남덕초등학교,대구광역시 남구 앞산순환로 93길 33,대구광역시 남구 대명동 531-1,35.83304211,128.5739489212,대구광역시,남부경찰서,Y,6.0,6~8,2020-03-23
초등학교,대명초등학교,대구광역시 남구 대명로 110,대구광역시 남구 대명동 960,35.8388687716,128.5688886063,대구광역시,남부경찰서,Y,5.0,6~10,2020-03-23
초등학교,대봉초등학교,대구광역시 남구 대봉로 26길 33(이천동),대구광역시 남구 이천동 253-2,35.85166437,128.6048051,대구광역시,남부경찰서,Y,6.0,8~17,2020-03-23
초등학교,남명초등학교,대구광역시 남구 큰골4길 41,대구광역시 남구 대명동 483,35.8343637,128.5819826,대구광역시,남부경찰서,Y,7.0,8~15,2020-03-23
초등학교,봉덕초등학교,대구광역시 남구 효성로 71(봉덕동),대구광역시 남구 봉덕동 1319,35.83968058,128.5968435,대구광역시,남부경찰서,Y,8.0,8~15,2020-03-23
초등학교,남대구초등학교,대구광역시 남구 중앙대로47길 55,대구광역시 남구 대명동 1820-5,35.85355805,128.5864853,대구광역시,남부경찰서,Y,9.0,6~8,2020-03-23
초등학교,대덕초등학교,대구광역시 남구 대명서로 28(대명동),대구광역시 남구 대명동 1571-1,35.8304316,128.561677,대구광역시,남부경찰서,Y,10.0,8~15,2020-03-23
초등학교,효명초등학교,대구광역시 남구 앞산순환로 707,대구광역시 남구 봉덕동 1164,35.83464799,128.6010893,대구광역시,남부경찰서,Y,5.0,10~25,2020-03-23
유치원,계명유치원,대구광역시 남구 명덕로 20길 24(대명동),대구광역시 남구 대명동 2542-30,35.85645873,128.5793986,대구광역시,남부경찰서,Y,4.0,8,2020-03-23
유치원,해바라기유치원,대구광역시 남구 대명로 250,대구광역시 남구 대명동 359-1,35.84196926,128.5841748,대구광역시,남부경찰서,Y,4.0,30,2020-03-23
유치원,경북유치원,대구광역시 남구 중앙대로 40길 10,대구광역시 남구 대명동 1985-57,35.849925335,128.591265899,대구광역시,남부경찰서,Y,2.0,6~8,2020-03-23
유치원,반야유치원,대구광역시 남구 장전 1길 92,대구광역시 남구 대명동 804-3,35.84023286,128.5760702,대구광역시,남부경찰서,Y,4.0,8,2020-03-23
유치원,참좋은유치원,대구광역시 남구 중앙대로 126,대구광역시 남구 봉덕동 1031-20,35.84435136,128.5910004,대구광역시,남부경찰서,Y,4.0,40,2020-03-23
유치원,룸비니유치원,대구광역시 남구 대명남로 140,대구광역시 남구 대명동 627-5,35.83497147,128.5737032781,대구광역시,남부경찰서,Y,4.0,6~20,2020-03-23
유치원,대구프뢰벨유치원,대구광역시 남구 앞산순환로 467,대구광역시 남구 대명동 540-2,35.83248149,128.5760583,대구광역시,남부경찰서,Y,2.0,,2020-03-23
어린이집,화랑어린이집,대구광역시 남구 두류공원로 13길 27-5(대명동),대구광역시 남구 대명동 1010,35.84257212,128.569401,대구광역시,남부경찰서,Y,6.0,6~15,2020-03-23
어린이집,호동어린이집,대구광역시 남구 희망로 5길 19(이천동),대구광역시 남구 이천동 752-1,35.84884861,128.600145,대구광역시,남부경찰서,Y,3.0,10~15,2020-03-23
어린이집,가톨릭소화어린이집,대구광역시 남구 현충로 39길 74(대명동),대구광역시 남구 대명동 3001-17,35.85011603,128.5769832,대구광역시,남부경찰서,Y,4.0,6~8,2020-03-23
어린이집,박애어린이집,대구광역시 남구 대명서 2길 45(대명동),대구광역시 남구 대명동 1564-2,35.8319927865,128.5626800777,대구광역시,남부경찰서,Y,3.0,8,2020-03-23
어린이집,청동어린이집,대구광역시 남구 이천로 28길 42-33(이천동),대구광역시 남구 이천동 318-1,35.8535976237,128.6000086543,대구광역시,남부경찰서,Y,3.0,6,2020-03-23
어린이집,보물섬어린이집,대구광역시 남구 대명로 49길 9-5(대명동),대구광역시 남구 대명동 1698-11,35.84228388,128.5824945,대구광역시,남부경찰서,Y,2.0,8,2020-03-23
어린이집,동학어린이집,대구광역시 남구 자유 5길 16(대명동),대구광역시 남구 대명동 380-4,35.83750833,128.5840424,대구광역시,남부경찰서,Y,2.0,6~8,2020-03-23
어린이집,남도어린이집,대구광역시 남구 장전 3길 132(대명동),대구광역시 남구 대명동 1668-8,35.84234083,128.5781777,대구광역시,남부경찰서,Y,3.0,6~8,2020-03-23
어린이집,해달별어린이집,대구광역시 남구 대명서로 47-2(대명동),대구광역시 남구 대명동 1579-11,35.83078021,128.5603734,대구광역시,남부경찰서,Y,1.0,6,2020-03-23
어린이집,해맑은꼬마또래어린이집,대구광역시 남구 효동길 85,대구광역시 남구 봉덕동 1283-5,35.836342356,128.6011007087,대구광역시,남부경찰서,Y,2.0,10,2020-03-23
어린이집,꼬마또래어린이집,대구광역시 남구 효동2길 16,대구광역시 남구 봉덕동 1283-13,35.83768718,128.600747,대구광역시,남부경찰서,Y,1.0,10,2020-03-23
특수학교,광명학교,대구광역시 남구 성당로50길 33(대명동),대구광역시 남구 대명동 2288,35.85594776,128.575077,대구광역시,남부경찰서,Y,1.0,6~8,2020-03-23
특수학교,영화학교,대구광역시 남구 성당로50길 33(대명동),대구광역시 남구 대명동 2288,35.85594776,128.575077,대구광역시,남부경찰서,Y,1.0,6~8,2020-03-23
특수학교,보명학교,대구광역시 남구 성당로50길 33(대명동),대구광역시 남구 대명동 2288,35.85594776,128.575077,대구광역시,남부경찰서,Y,1.0,6~8,2020-03-23
특수학교,보건학교,대구광역시 남구 성당로50길 33(대명동),대구광역시 남구 대명동 2288,35.85594776,128.575077,대구광역시,남부경찰서,Y,1.0,6~8,2020-03-23
특수학교,덕희학교,대구광역시 남구 성당로50길 33(대명동),대구광역시 남구 대명동 2288,35.85594776,128.575077,대구광역시,남부경찰서,Y,1.0,6~8,2020-03-23
유치원,경상유치원,대구광역시 남구 현충로48길 31-8,대구광역시 남구 대명동 1819-11,35.8532170905,128.5854639,대구광역시,남부경찰서,Y,2.0,6~12,2020-03-23
유치원,드림유치원,대구광역시 남구 대봉로30길36-8,대구광역시 남구 이천동 272-2,35.85170781,128.6051265,대구광역시,남부경찰서,Y,1.0,8,2020-03-23
어린이집,더플로우 어린이집,대구광역시 남구 대봉로30길40,대구광역시 남구 이천동 278-3,35.85214855,128.605307,대구광역시,남부경찰서,Y,1.0,8,2020-03-23
유치원,아이린유치원,대구광역시 남구 효동길 14-4,대구광역시 남구 봉덕동 1293-60,35.8396277519,128.5996261874,대구광역시,남부경찰서,Y,8.0,8~12,2020-03-23
어린이집,참좋은 어린이집,대구광역시 남구 중앙대로 126,대구광역시 남구 봉덕동 1301-20,35.84435136,128.5910004,대구광역시,남부경찰서,Y,1.0,40,2020-03-23
유치원,아름그루 유치원,대구광역시 남구 효동길 91,대구광역시 남구 봉덕동 1283-5,35.83634242,128.6011021,대구광역시,남부경찰서,Y,5.0,6~8,2020-03-23
유치원,가창초교병설,대구광역시 달성군 가창면 가창로 640,대구광역시 달성군 가창면 냉천리 815-1,35.771063,128.648248,대구광역시 달성군청,달성경찰서,N,0.0,,2019-09-10
유치원,구지초교병설,대구광역시 달성군 구지면 창리로11길 45-11,대구광역시 달성군 구지면 창리 385,35.66021121,128.4125566,대구광역시 달성군청,달성경찰서,N,0.0,,2019-09-10
유치원,금계초교병설,대구광역시 달성군 옥포면 금계길 55,대구광역시 달성군 옥포면 교향리 1503,35.788698,128.444101,대구광역시 달성군청,달성경찰서,N,0.0,,2019-09-10
유치원,금포초교병설,대구광역시 달성군 논공읍 금포초등길 28,대구광역시 달성군 논공읍 금포리 1496,35.774489,128.426084,대구광역시 달성군청,달성경찰서,N,0.0,,2019-09-10
유치원,논공읍초교병설,대구광역시 달성군 논공읍 논공로7길 41,대구광역시 달성군 논공읍 남리 328,35.731127,128.437407,대구광역시 달성군청,달성경찰서,N,0.0,,2019-09-10
유치원,늘푸른유치원,대구광역시 달성군 화원읍 명곡로 4,대구광역시 달성군 화원읍 명곡리 102,35.799405,128.4956301,대구광역시 달성군청,달성경찰서,N,0.0,,2019-09-10
유치원,다사읍초교병설,대구광역시 달성군 다사읍 다사로 86,대구광역시 달성군 다사읍 매곡리 457,35.869034,128.458637,대구광역시 달성군청,달성경찰서,N,0.0,,2019-09-10
유치원,대자연유치원,대구광역시 달성군 다사읍 서재본1길 13-8,대구광역시 달성군 다사읍 서재리 197,35.87343349,128.495112,대구광역시 달성군청,달성경찰서,N,0.0,,2019-09-10
유치원,도림초교병설,대구광역시 달성군 다사읍 서재로26길 94,대구광역시 달성군 다사읍 서재리 32,35.877954,128.499701,대구광역시 달성군청,달성경찰서,N,0.0,,2019-09-10
유치원,동곡초등학교병설,대구광역시 달성군 하빈면 달구벌대로55길 104-4,대구광역시 달성군 하빈면 동곡리 142,35.879143,128.417829,대구광역시 달성군청,달성경찰서,N,0.0,,2019-09-10
유치원,매곡초교병설,대구광역시 달성군 다사읍 대실역북로3길 6,대구광역시 달성군 다사읍 매곡리 1536,35.862194,128.468533,대구광역시 달성군청,달성경찰서,N,0.0,,2019-09-10
유치원,반송초교병설,대구광역시 달성군 옥포면 용연사길 5,대구광역시 달성군 옥포면 반송리 151,35.756709,128.494687,대구광역시 달성군청,달성경찰서,N,0.0,,2019-09-10
유치원,골든벨유치원(새순->예정),대구광역시 달성군 화원읍 비슬로 2614-6,대구광역시 달성군 화원읍 천내리 458,35.80442127,128.5024469,대구광역시 달성군청,달성경찰서,N,0.0,,2019-09-10
유치원,서재초교병설,대구광역시 달성군 다사읍 서재로 53,대구광역시 달성군 다사읍 서재리 252,35.868848,128.495087,대구광역시 달성군청,달성경찰서,N,0.0,,2019-09-10
유치원,서재성모유치원,대구광역시 달성군 다사읍 서재로20길 28,대구광역시 달성군 다사읍 서재리 361,35.87048758,128.5001017,대구광역시 달성군청,달성경찰서,N,0.0,,2019-09-10
유치원,세종유치원(성림),대구광역시 달성군 다사읍 다사로 25,대구광역시 달성군 다사읍 죽곡리 1-8,35.862833,128.460159,대구광역시 달성군청,달성경찰서,N,0.0,,2019-09-10
유치원,숲속예은유치원,대구광역시 달성군 다사읍 죽곡2길 35,대구광역시 달성군 다사읍 죽곡리 359,35.855402,128.462566,대구광역시 달성군청,달성경찰서,N,0.0,,2019-09-10
유치원,신솔정유치원,대구광역시 달성군 옥포면 비슬로455길 24,대구광역시 달성군 옥포면 간경리 949-1,35.791591,128.4687533,대구광역시 달성군청,달성경찰서,N,0.0,,2019-09-10
유치원,신영유치원,대구광역시 달성군 논공읍 논공로17길 14,대구광역시 달성군 논공읍 북리 803-313,35.729598,128.443013,대구광역시 달성군청,달성경찰서,N,0.0,,2019-09-10
어린이집,이튼어린이집,대구광역시 달성군 논공읍 논공로17길 16-8,대구광역시 달성군 논공읍 북리 803-78,35.729671,128.443221,대구광역시 달성군청,달성경찰서,N,0.0,,2019-09-10
유치원,옥포초교병설,대구광역시 달성군 옥포면 비슬로 2220,대구광역시 달성군 옥포면 본리리 801,35.787451,128.464571,대구광역시 달성군청,달성경찰서,N,0.0,,2019-09-10
유치원,왕선초교병설,대구광역시 달성군 다사읍 대실역북로 93,대구광역시 달성군 다사읍 매곡리 1542,35.863211,128.465328,대구광역시 달성군청,달성경찰서,N,0.0,,2019-09-10
유치원,용계초교병설,대구광역시 달성군 가창면 가창로221길 1,대구광역시 달성군 가창면 용계리 7,35.804564,128.621793,대구광역시 달성군청,달성경찰서,N,0.0,,2019-09-10
유치원,유가초교병설,대구광역시 달성군 유가읍 유가길 46,대구광역시 달성군 유가읍 유곡리 978,35.6702384856,128.454796,대구광역시 달성군청,달성경찰서,N,0.0,,2019-09-10
유치원,장원유치원,대구광역시 달성군 현풍면 현풍동로 49,대구광역시 달성군 현풍면 중리 103-1,35.694948,128.450482,대구광역시 달성군청,달성경찰서,N,0.0,,2019-09-10
유치원,죽곡초교병설,대구광역시 달성군 다사읍 죽곡1길 18,대구광역시 달성군 다사읍 죽곡리 189,35.856574,128.463127,대구광역시 달성군청,달성경찰서,N,0.0,,2019-09-10
유치원,하빈면초교병설,대구광역시 달성군 하빈면 하빈로 391-1,대구광역시 달성군 하빈면 현내리 855-3,35.901558,128.442153,대구광역시 달성군청,달성경찰서,N,0.0,,2019-09-10
유치원,현풍초교병설,대구광역시 달성군 현풍면 비슬로134길 167-6,대구광역시 달성군 현풍면 상리 539-1,35.697879,128.4482704,대구광역시 달성군청,달성경찰서,N,0.0,,2019-09-10
유치원,화원꽃들유치원(공립),대구광역시 달성군 화원읍 성암로 38,대구광역시 달성군 화원읍 본리리 104-1,35.799758,128.509615,대구광역시 달성군청,달성경찰서,N,0.0,,2019-09-10
유치원,화원유치원,대구광역시 달성군 화원읍 비슬로525길 46,대구광역시 달성군 화원읍 천내리 120,35.808351,128.501091,대구광역시 달성군청,달성경찰서,Y,2.0,,2019-09-10
유치원,화원큰별유치원,대구광역시 달성군 화원읍 성화로 87,대구광역시 달성군 화원읍 설화리 496-3,35.798819,128.484378,대구광역시 달성군청,달성경찰서,N,0.0,,2019-09-10
초등학교,가창초등,대구광역시 달성군 가창면 가창로 640,대구광역시 달성군 가창면 냉천리 815-1,35.771063,128.648248,대구광역시 달성군청,달성경찰서,N,0.0,,2019-09-10
초등학교,구지초등,대구광역시 달성군 구지면 창리로11길 45-11,대구광역시 달성군 구지면 창리 385,35.66021121,128.4125566,대구광역시 달성군청,달성경찰서,Y,2.0,,2019-09-10
초등학교,금계초등,대구광역시 달성군 옥포면 금계길 55,대구광역시 달성군 옥포면 교향리 1503,35.788698,128.444101,대구광역시 달성군청,달성경찰서,N,0.0,,2019-09-10
초등학교,금포초등,대구광역시 달성군 논공읍 금포초등길 28,대구광역시 달성군 논공읍 금포리 1496,35.774489,128.426084,대구광역시 달성군청,달성경찰서,N,0.0,,2019-09-10
초등학교,남동초등,대구광역시 달성군 논공읍 논공로 258,대구광역시 달성군 논공읍 남리 717-5,35.72463835,128.4564671,대구광역시 달성군청,달성경찰서,N,0.0,,2019-09-10
초등학교,논공읍초등,대구광역시 달성군 논공읍 논공로7길 41,대구광역시 달성군 논공읍 남리 328,35.731127,128.437407,대구광역시 달성군청,달성경찰서,N,0.0,,2019-09-10
초등학교,다사읍초등,대구광역시 달성군 다사읍 다사로 86,대구광역시 달성군 다사읍 매곡리 457,35.869034,128.458637,대구광역시 달성군청,달성경찰서,N,0.0,,2019-09-10
초등학교,도림초등,대구광역시 달성군 다사읍 서재로26길 94,대구광역시 달성군 다사읍 서재리 32,35.877954,128.499701,대구광역시 달성군청,달성경찰서,N,0.0,,2019-09-10
초등학교,동곡초등,대구광역시 달성군 하빈면 달구벌대로55길 104-4,대구광역시 달성군 하빈면 동곡리 142,35.879143,128.417829,대구광역시 달성군청,달성경찰서,N,0.0,,2019-09-10
초등학교,매곡초등,대구광역시 달성군 다사읍 대실역북로3길 6,대구광역시 달성군 다사읍 매곡리 1536,35.862194,128.468533,대구광역시 달성군청,달성경찰서,N,0.0,,2019-09-10
초등학교,명곡초등,대구광역시 달성군 화원읍 명곡로 40,대구광역시 달성군 화원읍 명곡리 132,35.796637,128.496182,대구광역시 달성군청,달성경찰서,Y,2.0,,2019-09-10
초등학교,반송초등,대구광역시 달성군 옥포면 용연사길 5,대구광역시 달성군 옥포면 반송리 151,35.756709,128.494687,대구광역시 달성군청,달성경찰서,N,0.0,,2019-09-10
초등학교,북동초등,대구광역시 달성군 논공읍 논공로11길 18,대구광역시 달성군 논공읍 남리 1119,35.729465,128.440646,대구광역시 달성군청,달성경찰서,Y,2.0,,2019-09-10
초등학교,서재초등,대구광역시 달성군 옥포면 비슬로 2220,대구광역시 달성군 옥포면 본리리 801,35.7874518,128.4645718,대구광역시 달성군청,달성경찰서,N,0.0,,2019-09-10
초등학교,옥포초등,대구광역시 달성군 옥포면 비슬로 2220,대구광역시 달성군 옥포면 본리리 801,35.787451,128.464571,대구광역시 달성군청,달성경찰서,N,0.0,,2019-09-10
초등학교,왕선초등,대구광역시 달성군 다사읍 대실역북로 93,대구광역시 달성군 다사읍 매곡리 1542,35.863211,128.465328,대구광역시 달성군청,달성경찰서,N,0.0,,2019-09-10
초등학교,용계초등,대구광역시 달성군 가창면 가창로221길 1,대구광역시 달성군 가창면 용계리 7,35.804564,128.621793,대구광역시 달성군청,달성경찰서,N,0.0,,2019-09-10
초등학교,유가초등,대구광역시 달성군 유가읍 유가길 46,대구광역시 달성군 유가읍 유곡리 978,35.6702384856,128.454796,대구광역시 달성군청,달성경찰서,N,0.0,,2019-09-10
초등학교,죽곡초등,대구광역시 달성군 다사읍 죽곡1길 18,대구광역시 달성군 다사읍 죽곡리 189,35.856574,128.463127,대구광역시 달성군청,달성경찰서,Y,2.0,,2019-09-10
초등학교,천내초등,대구광역시 달성군 화원읍 성천로 192,대구광역시 달성군 화원읍 구라리 1553,35.8094091,128.5020282,대구광역시 달성군청,달성경찰서,N,0.0,,2019-09-10
초등학교,하빈면초등,대구광역시 달성군 하빈면 하빈로 391-1,대구광역시 달성군 하빈면 현내리 855-3,35.9015587,128.4421533,대구광역시 달성군청,달성경찰서,N,0.0,,2019-09-10
초등학교,현풍초등,대구광역시 달성군 현풍면 비슬로134길 167-6,대구광역시 달성군 현풍면 상리 539-1,35.6978796,128.4482704,대구광역시 달성군청,달성경찰서,N,0.0,,2019-09-10
초등학교,화남초등,대구광역시 달성군 화원읍 명천로 181,대구광역시 달성군 화원읍 명곡리 113,35.799749,128.498164,대구광역시 달성군청,달성경찰서,N,0.0,,2019-09-10
초등학교,화동초등,대구광역시 달성군 화원읍 성암로 38,대구광역시 달성군 화원읍 본리리 104-1,35.799758,128.509615,대구광역시 달성군청,달성경찰서,Y,3.0,,2019-09-10
초등학교,화원초등,대구광역시 달성군 화원읍 비슬로 2580,대구광역시 달성군 화원읍 천내리 417,35.803331,128.499624,대구광역시 달성군청,달성경찰서,Y,2.0,,2019-09-10
유치원,해맑은유치원,대구광역시 달성군 다사읍 왕선로 41,대구광역시 달성군 다사읍 매곡리 1544-1,35.863187,128.464171,대구광역시 달성군청,달성경찰서,N,0.0,,2019-09-10
유치원,꿈이있는숲속유치원,대구광역시 달성군 다사읍 다사로 64,대구광역시 달성군 다사읍 매곡리 484-3,35.866335,128.459456,대구광역시 달성군청,달성경찰서,N,0.0,,2019-09-10
유치원,자연숲유치원,대구광역시 달성군 현풍면 현풍동로20길 12,대구광역시 달성군 현풍면 상리 622-5,35.699645,128.451259,대구광역시 달성군청,달성경찰서,N,0.0,,2019-09-10
어린이집,키즈랜드어린이집,대구광역시 달성군 다사읍 다사로4길 25,대구광역시 달성군 다사읍 매곡리 302-2,35.863611,128.463371,대구광역시 달성군청,달성경찰서,N,0.0,,2019-09-10
어린이집,자연과학어린이집,대구광역시 달성군 현풍면 현풍동로25길 17,대구광역시 달성군 현풍면 상리 534-2,35.6986101,128.448427,대구광역시 달성군청,달성경찰서,N,0.0,,2019-09-10
유치원,하늘숲유치원,대구광역시 달성군 화원읍 비슬로539길 11-11,대구광역시 달성군 화원읍 구라리 1685,35.809621,128.507209,대구광역시 달성군청,달성경찰서,N,0.0,,2019-09-10
어린이집,아이엠어린이집,대구광역시 달성군 다사읍 다사로 103-8,대구광역시 달성군 다사읍 매곡리 439-1,35.869477,128.456878,대구광역시 달성군청,달성경찰서,N,0.0,,2019-09-10
어린이집,천내어린이집,대구광역시 달성군 화원읍 화원로7길 55,대구광역시 달성군 화원읍 천내리 188-4,35.805746,128.496527,대구광역시 달성군청,달성경찰서,N,0.0,,2019-09-10
어린이집,죽곡어린이집,대구광역시 달성군 달구벌대로174길17-5,대구광역시 달성군 다사읍 죽곡리 197,35.857921,128.462075,대구광역시 달성군청,달성경찰서,N,0.0,,2019-09-10
유치원,드림아이유치원,대구광역시 달성군 다사읍 매곡로 92,대구광역시 달성군 다사읍 매곡리 535-7,35.8645235,128.4551201,대구광역시 달성군청,달성경찰서,N,0.0,,2019-09-10
어린이집,백설어린이집,대구광역시 달성군 화원읍 비슬로502길14,대구광역시 달성군 화원읍 명곡리 229-4,35.799001,128.492093,대구광역시 달성군청,달성경찰서,N,0.0,,2019-09-10
어린이집,화남어린이집,대구광역시 달성군 다사읍 달구벌대로174길 26,대구광역시 달성군 다사읍 죽곡리 124,35.85843298,128.461267,대구광역시 달성군청,달성경찰서,N,0.0,,2019-09-10
어린이집,옥스포드어린이집,대구광역시 달성군 화원읍 비슬로512길 44,대구광역시 달성군 화원읍 천내리 379-1,35.8018091,128.4983403,대구광역시 달성군청,달성경찰서,N,0.0,,2019-09-10
어린이집,혜민어린이집,대구광역시 달성군 화원읍 인흥길 29,대구광역시 달성군 화원읍 천내리 901-58,35.8012445,128.4984352,대구광역시 달성군청,달성경찰서,N,0.0,,2019-09-10
어린이집,소호어린이집,대구광역시 달성군 화원읍 비슬로528길4,대구광역시 달성군 화원읍 본리리 16,35.8052988,128.5048836,대구광역시 달성군청,달성경찰서,N,0.0,,2019-09-10
어린이집,세계어린이집,대구광역시 달성군 화원읍 비슬로500길10,대구광역시 달성군 화원읍 명곡리 215-5,35.7987716,128.4911166,대구광역시 달성군청,달성경찰서,N,0.0,,2019-09-10
어린이집,논공읍어린이집,대구광역시 달성군 논공읍 논공로23길6-15,대구광역시 달성군 논공읍 북리 803-168,35.730208,128.447118,대구광역시 달성군청,달성경찰서,N,0.0,,2019-09-10
어린이집,스탠포드어린이집,대구광역시 달성군 논공읍 논공로5길198,대구광역시 달성군 논공읍 북리 803-160,35.730141,128.446568,대구광역시 달성군청,달성경찰서,N,0.0,,2019-09-10
어린이집,달성어린이집(139명),대구광역시 달성군 현풍면 현풍중앙로10길74,대구광역시 달성군 현풍면 중리 146,35.695809,128.449016,대구광역시 달성군청,달성경찰서,N,0.0,,2019-09-10
어린이집,현풍아이세상어린이집(114명),대구광역시 달성군 현풍면 현풍중앙로10길64,대구광역시 달성군 현풍면 중리 158,35.695395,128.448979,대구광역시 달성군청,달성경찰서,N,0.0,,2019-09-10
유치원,서재아이숲유치원,대구광역시 달성군 다사읍 서재본길 41,대구광역시 달성군 다사읍 서재리 526,35.8721248,128.4922942,대구광역시 달성군청,달성경찰서,N,0.0,,2019-09-10
유치원,안드레아유치원,대구광역시 달성군 현풍면 현풍동로 10,대구광역시 달성군 현풍면 중리 323,35.692123,128.447951,대구광역시 달성군청,달성경찰서,N,0.0,,2019-09-10
유치원,대영유치원(논공읍대영),대구광역시 달성군 논공읍 논공중앙로22길 47,대구광역시 달성군 논공읍 남리 617-9,35.72369463,128.4498412,대구광역시 달성군청,달성경찰서,N,0.0,,2019-09-10
초등학교,강림초등학교,대구광역시 달성군 옥포면 돌미로 15,대구광역시 달성군 옥포면 강림리 1106,35.7813088,128.4365696,대구광역시 달성군청,달성경찰서,N,0.0,,2019-09-10
유치원,옥빛유치원,대구광역시 달성군 옥포면 돌미로2서길 20,대구광역시 달성군 옥포면 강림리 1216,35.77889535,128.4364839,대구광역시 달성군청,달성경찰서,N,0.0,,2019-09-10
초등학교,세천초등학교,대구광역시 달성군 다사읍 세천로 182-9,대구광역시 달성군 다사읍 세천리 1586,35.87434869,128.4814713,대구광역시 달성군청,달성경찰서,N,0.0,,2019-09-10
유치원,세천유치원,대구광역시 달성군 다사읍 세천로 182-11,대구광역시 달성군 다사읍 세천리 1586,35.87386895,128.4812055,대구광역시 달성군청,달성경찰서,N,0.0,,2019-09-10
초등학교,대실초등학교,대구광역시 달성군 다사읍 대실역남로1길 31,대구광역시 달성군 다사읍 죽곡리 820,35.85308934,128.4678988,대구광역시 달성군청,달성경찰서,N,0.0,,2019-09-10
유치원,대실유치원,대구광역시 달성군 다사읍 대실역남로1길 29,대구광역시 달성군 다사읍 죽곡리 820,35.85260246,128.4676241,대구광역시 달성군청,달성경찰서,N,0.0,,2019-09-10
초등학교,비슬초등학교,대구광역시 달성군 유가읍 테크노북로 144,대구광역시 달성군 유가읍 봉리 597,35.69605766,128.458744351,대구광역시 달성군청,달성경찰서,N,0.0,,2019-09-10
유치원,비슬유치원,대구광역시 달성군 유가읍 테크노북로 142,대구광역시 달성군 유가읍 봉리 597,35.6965059249,128.458342,대구광역시 달성군청,달성경찰서,N,0.0,,2019-09-10
유치원,어울림유치원,대구광역시 달성군 다사읍 매곡로 4길 26-1,대구광역시 달성군 다사읍 매곡리 645,35.864434,128.455292,대구광역시 달성군청,달성경찰서,N,0.0,,2019-09-10
유치원,엘키즈유치원,대구광역시 달성군 화원읍 성천로 42길 24,대구광역시 달성군 화원읍 구라리 산18-6,35.810333,128.504549,대구광역시 달성군청,달성경찰서,N,0.0,,2019-09-10
초등학교,테크노4초등학교,대구광역시 달성군 유가읍 테크노대로5길 34,대구광역시 달성군 유가읍 봉리 623,35.6922354374,128.467737703,대구광역시 달성군청,달성경찰서,N,0.0,,2019-09-10
유치원,테크노4유치원,대구광역시 달성군 유가읍 테크노대로5길 34,대구광역시 달성군 유가읍 봉리 623,35.6922354374,128.467738,대구광역시 달성군청,달성경찰서,N,0.0,,2019-09-10
초등학교,서동초등학교,대구광역시 달성군 다사읍 서재로 7길 53,대구광역시 달성군 다사읍 서재리 928,35.87181404,128.4888068,대구광역시 달성군청,달성경찰서,N,0.0,,2019-09-10
유치원,서동유치원,대구광역시 달성군 다사읍 서재로 7길 55,대구광역시 달성군 다사읍 서재리 928,35.87181404,128.488431361,대구광역시 달성군청,달성경찰서,N,0.0,,2019-09-10
초등학교,포산초등학교,대구광역시 달성군 현풍면 테크노북로 80,대구광역시 달성군 현풍면 중리 483,35.69487717,128.4526291,대구광역시 달성군청,달성경찰서,N,0.0,,2019-09-10
유치원,포산유치원,대구광역시 달성군 현풍면 테크노북로 80,대구광역시 달성군 현풍면 중리 483,35.69487717,128.4526291,대구광역시 달성군청,달성경찰서,N,0.0,,2019-09-10
초등학교,세현초등학교,대구광역시 달성군 구지면 국가산단대로66길 10,대구광역시 달성군 구지면 창리 1446,35.6597834863,128.419806222,대구광역시 달성군청,달성경찰서,N,0.0,,2019-09-10
유치원,비슬향 유치원,대구광역시 달성군 현풍면 현풍동로 22길 17,대구광역시 달성군 현풍면 상리 500,35.700464,128.4508879,대구광역시 달성군청,달성경찰서,N,0.0,,2019-09-10
유치원,도담소리숲 유치원,대구광역시 달성군 화원읍 인흥2길 79,대구광역시 달성군 화원읍 본리리 600,35.78843305,128.5197759,대구광역시 달성군청,달성경찰서,N,0.0,,2019-09-10
유치원,옥포예일유치원,대구광역시 달성군 옥포면 법화길 61,대구광역시 달성군 옥포면 교항리 1716-3,35.7865704,128.446206,대구광역시 달성군청,달성경찰서,N,0.0,,2019-09-10
유치원,가창초교병설,대구광역시 달성군 가창면 가창로 640,대구광역시 달성군 가창면 냉천리 815-1,35.771063,128.648248,대구광역시 달성군청,달성경찰서,N,0.0,,2019-09-10
유치원,구지초교병설,대구광역시 달성군 구지면 창리로11길 45-11,대구광역시 달성군 구지면 창리 385,35.66021121,128.4125566,대구광역시 달성군청,달성경찰서,N,0.0,,2019-09-10
유치원,금계초교병설,대구광역시 달성군 옥포면 금계길 55,대구광역시 달성군 옥포면 교향리 1503,35.788698,128.444101,대구광역시 달성군청,달성경찰서,N,0.0,,2019-09-10
유치원,금포초교병설,대구광역시 달성군 논공읍 금포초등길 28,대구광역시 달성군 논공읍 금포리 1496,35.774489,128.426084,대구광역시 달성군청,달성경찰서,N,0.0,,2019-09-10
유치원,논공읍초교병설,대구광역시 달성군 논공읍 논공로7길 41,대구광역시 달성군 논공읍 남리 328,35.731127,128.437407,대구광역시 달성군청,달성경찰서,N,0.0,,2019-09-10
유치원,늘푸른유치원,대구광역시 달성군 화원읍 명곡로 4,대구광역시 달성군 화원읍 명곡리 102,35.799405,128.4956301,대구광역시 달성군청,달성경찰서,N,0.0,,2019-09-10
유치원,다사읍초교병설,대구광역시 달성군 다사읍 다사로 86,대구광역시 달성군 다사읍 매곡리 457,35.869034,128.458637,대구광역시 달성군청,달성경찰서,N,0.0,,2019-09-10
유치원,대자연유치원,대구광역시 달성군 다사읍 서재본1길 13-8,대구광역시 달성군 다사읍 서재리 197,35.87343349,128.495112,대구광역시 달성군청,달성경찰서,N,0.0,,2019-09-10
유치원,도림초교병설,대구광역시 달성군 다사읍 서재로26길 94,대구광역시 달성군 다사읍 서재리 32,35.877954,128.499701,대구광역시 달성군청,달성경찰서,N,0.0,,2019-09-10
유치원,동곡초등학교병설,대구광역시 달성군 하빈면 달구벌대로55길 104-4,대구광역시 달성군 하빈면 동곡리 142,35.879143,128.417829,대구광역시 달성군청,달성경찰서,N,0.0,,2019-09-10
유치원,매곡초교병설,대구광역시 달성군 다사읍 대실역북로3길 6,대구광역시 달성군 다사읍 매곡리 1536,35.862194,128.468533,대구광역시 달성군청,달성경찰서,N,0.0,,2019-09-10
유치원,반송초교병설,대구광역시 달성군 옥포면 용연사길 5,대구광역시 달성군 옥포면 반송리 151,35.756709,128.494687,대구광역시 달성군청,달성경찰서,N,0.0,,2019-09-10
유치원,골든벨유치원(새순->예정),대구광역시 달성군 화원읍 비슬로 2614-6,대구광역시 달성군 화원읍 천내리 458,35.80442127,128.5024469,대구광역시 달성군청,달성경찰서,N,0.0,,2019-09-10
유치원,서재초교병설,대구광역시 달성군 다사읍 서재로 53,대구광역시 달성군 다사읍 서재리 252,35.868848,128.495087,대구광역시 달성군청,달성경찰서,N,0.0,,2019-09-10
유치원,서재성모유치원,대구광역시 달성군 다사읍 서재로20길 28,대구광역시 달성군 다사읍 서재리 361,35.87048758,128.5001017,대구광역시 달성군청,달성경찰서,N,0.0,,2019-09-10
유치원,세종유치원(성림),대구광역시 달성군 다사읍 다사로 25,대구광역시 달성군 다사읍 죽곡리 1-8,35.862833,128.460159,대구광역시 달성군청,달성경찰서,N,0.0,,2019-09-10
유치원,숲속예은유치원,대구광역시 달성군 다사읍 죽곡2길 35,대구광역시 달성군 다사읍 죽곡리 359,35.855402,128.462566,대구광역시 달성군청,달성경찰서,N,0.0,,2019-09-10
유치원,신솔정유치원,대구광역시 달성군 옥포면 비슬로455길 24,대구광역시 달성군 옥포면 간경리 949-1,35.791591,128.4687533,대구광역시 달성군청,달성경찰서,N,0.0,,2019-09-10
유치원,신영유치원,대구광역시 달성군 논공읍 논공로17길 14,대구광역시 달성군 논공읍 북리 803-313,35.729598,128.443013,대구광역시 달성군청,달성경찰서,N,0.0,,2019-09-10
어린이집,이튼어린이집,대구광역시 달성군 논공읍 논공로17길 16-8,대구광역시 달성군 논공읍 북리 803-78,35.729671,128.443221,대구광역시 달성군청,달성경찰서,N,0.0,,2019-09-10
유치원,옥포초교병설,대구광역시 달성군 옥포면 비슬로 2220,대구광역시 달성군 옥포면 본리리 801,35.787451,128.464571,대구광역시 달성군청,달성경찰서,N,0.0,,2019-09-10
유치원,왕선초교병설,대구광역시 달성군 다사읍 대실역북로 93,대구광역시 달성군 다사읍 매곡리 1542,35.863211,128.465328,대구광역시 달성군청,달성경찰서,N,0.0,,2019-09-10
유치원,용계초교병설,대구광역시 달성군 가창면 가창로221길 1,대구광역시 달성군 가창면 용계리 7,35.804564,128.621793,대구광역시 달성군청,달성경찰서,N,0.0,,2019-09-10
유치원,유가초교병설,대구광역시 달성군 유가읍 유가길 46,대구광역시 달성군 유가읍 유곡리 978,35.6702384856,128.454796,대구광역시 달성군청,달성경찰서,N,0.0,,2019-09-10
유치원,장원유치원,대구광역시 달성군 현풍면 현풍동로 49,대구광역시 달성군 현풍면 중리 103-1,35.694948,128.450482,대구광역시 달성군청,달성경찰서,N,0.0,,2019-09-10
유치원,죽곡초교병설,대구광역시 달성군 다사읍 죽곡1길 18,대구광역시 달성군 다사읍 죽곡리 189,35.856574,128.463127,대구광역시 달성군청,달성경찰서,N,0.0,,2019-09-10
유치원,하빈면초교병설,대구광역시 달성군 하빈면 하빈로 391-1,대구광역시 달성군 하빈면 현내리 855-3,35.901558,128.442153,대구광역시 달성군청,달성경찰서,N,0.0,,2019-09-10
유치원,현풍초교병설,대구광역시 달성군 현풍면 비슬로134길 167-6,대구광역시 달성군 현풍면 상리 539-1,35.697879,128.4482704,대구광역시 달성군청,달성경찰서,N,0.0,,2019-09-10
유치원,화원꽃들유치원(공립),대구광역시 달성군 화원읍 성암로 38,대구광역시 달성군 화원읍 본리리 104-1,35.799758,128.509615,대구광역시 달성군청,달성경찰서,N,0.0,,2019-09-10
유치원,화원유치원,대구광역시 달성군 화원읍 비슬로525길 46,대구광역시 달성군 화원읍 천내리 120,35.808351,128.501091,대구광역시 달성군청,달성경찰서,Y,2.0,,2019-09-10
유치원,화원큰별유치원,대구광역시 달성군 화원읍 성화로 87,대구광역시 달성군 화원읍 설화리 496-3,35.798819,128.484378,대구광역시 달성군청,달성경찰서,N,0.0,,2019-09-10
초등학교,가창초등,대구광역시 달성군 가창면 가창로 640,대구광역시 달성군 가창면 냉천리 815-1,35.771063,128.648248,대구광역시 달성군청,달성경찰서,N,0.0,,2019-09-10
초등학교,구지초등,대구광역시 달성군 구지면 창리로11길 45-11,대구광역시 달성군 구지면 창리 385,35.66021121,128.4125566,대구광역시 달성군청,달성경찰서,Y,2.0,,2019-09-10
초등학교,금계초등,대구광역시 달성군 옥포면 금계길 55,대구광역시 달성군 옥포면 교향리 1503,35.788698,128.444101,대구광역시 달성군청,달성경찰서,N,0.0,,2019-09-10
초등학교,금포초등,대구광역시 달성군 논공읍 금포초등길 28,대구광역시 달성군 논공읍 금포리 1496,35.774489,128.426084,대구광역시 달성군청,달성경찰서,N,0.0,,2019-09-10
초등학교,남동초등,대구광역시 달성군 논공읍 논공로 258,대구광역시 달성군 논공읍 남리 717-5,35.72463835,128.4564671,대구광역시 달성군청,달성경찰서,N,0.0,,2019-09-10
초등학교,논공읍초등,대구광역시 달성군 논공읍 논공로7길 41,대구광역시 달성군 논공읍 남리 328,35.731127,128.437407,대구광역시 달성군청,달성경찰서,N,0.0,,2019-09-10
초등학교,다사읍초등,대구광역시 달성군 다사읍 다사로 86,대구광역시 달성군 다사읍 매곡리 457,35.869034,128.458637,대구광역시 달성군청,달성경찰서,N,0.0,,2019-09-10
초등학교,도림초등,대구광역시 달성군 다사읍 서재로26길 94,대구광역시 달성군 다사읍 서재리 32,35.877954,128.499701,대구광역시 달성군청,달성경찰서,N,0.0,,2019-09-10
초등학교,동곡초등,대구광역시 달성군 하빈면 달구벌대로55길 104-4,대구광역시 달성군 하빈면 동곡리 142,35.879143,128.417829,대구광역시 달성군청,달성경찰서,N,0.0,,2019-09-10
초등학교,매곡초등,대구광역시 달성군 다사읍 대실역북로3길 6,대구광역시 달성군 다사읍 매곡리 1536,35.862194,128.468533,대구광역시 달성군청,달성경찰서,N,0.0,,2019-09-10
초등학교,명곡초등,대구광역시 달성군 화원읍 명곡로 40,대구광역시 달성군 화원읍 명곡리 132,35.796637,128.496182,대구광역시 달성군청,달성경찰서,Y,2.0,,2019-09-10
초등학교,반송초등,대구광역시 달성군 옥포면 용연사길 5,대구광역시 달성군 옥포면 반송리 151,35.756709,128.494687,대구광역시 달성군청,달성경찰서,N,0.0,,2019-09-10
초등학교,북동초등,대구광역시 달성군 논공읍 논공로11길 18,대구광역시 달성군 논공읍 남리 1119,35.729465,128.440646,대구광역시 달성군청,달성경찰서,Y,2.0,,2019-09-10
초등학교,서재초등,대구광역시 달성군 옥포면 비슬로 2220,대구광역시 달성군 옥포면 본리리 801,35.7874518,128.4645718,대구광역시 달성군청,달성경찰서,N,0.0,,2019-09-10
초등학교,옥포초등,대구광역시 달성군 옥포면 비슬로 2220,대구광역시 달성군 옥포면 본리리 801,35.787451,128.464571,대구광역시 달성군청,달성경찰서,N,0.0,,2019-09-10
초등학교,왕선초등,대구광역시 달성군 다사읍 대실역북로 93,대구광역시 달성군 다사읍 매곡리 1542,35.863211,128.465328,대구광역시 달성군청,달성경찰서,N,0.0,,2019-09-10
초등학교,용계초등,대구광역시 달성군 가창면 가창로221길 1,대구광역시 달성군 가창면 용계리 7,35.804564,128.621793,대구광역시 달성군청,달성경찰서,N,0.0,,2019-09-10
초등학교,유가초등,대구광역시 달성군 유가읍 유가길 46,대구광역시 달성군 유가읍 유곡리 978,35.6702384856,128.454796,대구광역시 달성군청,달성경찰서,N,0.0,,2019-09-10
초등학교,죽곡초등,대구광역시 달성군 다사읍 죽곡1길 18,대구광역시 달성군 다사읍 죽곡리 189,35.856574,128.463127,대구광역시 달성군청,달성경찰서,Y,2.0,,2019-09-10
초등학교,천내초등,대구광역시 달성군 화원읍 성천로 192,대구광역시 달성군 화원읍 구라리 1553,35.8094091,128.5020282,대구광역시 달성군청,달성경찰서,N,0.0,,2019-09-10
초등학교,하빈면초등,대구광역시 달성군 하빈면 하빈로 391-1,대구광역시 달성군 하빈면 현내리 855-3,35.9015587,128.4421533,대구광역시 달성군청,달성경찰서,N,0.0,,2019-09-10
초등학교,현풍초등,대구광역시 달성군 현풍면 비슬로134길 167-6,대구광역시 달성군 현풍면 상리 539-1,35.6978796,128.4482704,대구광역시 달성군청,달성경찰서,N,0.0,,2019-09-10
초등학교,화남초등,대구광역시 달성군 화원읍 명천로 181,대구광역시 달성군 화원읍 명곡리 113,35.799749,128.498164,대구광역시 달성군청,달성경찰서,N,0.0,,2019-09-10
초등학교,화동초등,대구광역시 달성군 화원읍 성암로 38,대구광역시 달성군 화원읍 본리리 104-1,35.799758,128.509615,대구광역시 달성군청,달성경찰서,Y,3.0,,2019-09-10
초등학교,화원초등,대구광역시 달성군 화원읍 비슬로 2580,대구광역시 달성군 화원읍 천내리 417,35.803331,128.499624,대구광역시 달성군청,달성경찰서,Y,2.0,,2019-09-10
유치원,해맑은유치원,대구광역시 달성군 다사읍 왕선로 41,대구광역시 달성군 다사읍 매곡리 1544-1,35.863187,128.464171,대구광역시 달성군청,달성경찰서,N,0.0,,2019-09-10
유치원,꿈이있는숲속유치원,대구광역시 달성군 다사읍 다사로 64,대구광역시 달성군 다사읍 매곡리 484-3,35.866335,128.459456,대구광역시 달성군청,달성경찰서,N,0.0,,2019-09-10
유치원,자연숲유치원,대구광역시 달성군 현풍면 현풍동로20길 12,대구광역시 달성군 현풍면 상리 622-5,35.699645,128.451259,대구광역시 달성군청,달성경찰서,N,0.0,,2019-09-10
어린이집,키즈랜드어린이집,대구광역시 달성군 다사읍 다사로4길 25,대구광역시 달성군 다사읍 매곡리 302-2,35.863611,128.463371,대구광역시 달성군청,달성경찰서,N,0.0,,2019-09-10
어린이집,자연과학어린이집,대구광역시 달성군 현풍면 현풍동로25길 17,대구광역시 달성군 현풍면 상리 534-2,35.6986101,128.448427,대구광역시 달성군청,달성경찰서,N,0.0,,2019-09-10
유치원,하늘숲유치원,대구광역시 달성군 화원읍 비슬로539길 11-11,대구광역시 달성군 화원읍 구라리 1685,35.809621,128.507209,대구광역시 달성군청,달성경찰서,N,0.0,,2019-09-10
어린이집,아이엠어린이집,대구광역시 달성군 다사읍 다사로 103-8,대구광역시 달성군 다사읍 매곡리 439-1,35.869477,128.456878,대구광역시 달성군청,달성경찰서,N,0.0,,2019-09-10
어린이집,천내어린이집,대구광역시 달성군 화원읍 화원로7길 55,대구광역시 달성군 화원읍 천내리 188-4,35.805746,128.496527,대구광역시 달성군청,달성경찰서,N,0.0,,2019-09-10
어린이집,죽곡어린이집,대구광역시 달성군 달구벌대로174길17-5,대구광역시 달성군 다사읍 죽곡리 197,35.857921,128.462075,대구광역시 달성군청,달성경찰서,N,0.0,,2019-09-10
유치원,드림아이유치원,대구광역시 달성군 다사읍 매곡로 92,대구광역시 달성군 다사읍 매곡리 535-7,35.8645235,128.4551201,대구광역시 달성군청,달성경찰서,N,0.0,,2019-09-10
어린이집,백설어린이집,대구광역시 달성군 화원읍 비슬로502길14,대구광역시 달성군 화원읍 명곡리 229-4,35.799001,128.492093,대구광역시 달성군청,달성경찰서,N,0.0,,2019-09-10
어린이집,화남어린이집,대구광역시 달성군 다사읍 달구벌대로174길 26,대구광역시 달성군 다사읍 죽곡리 124,35.85843298,128.461267,대구광역시 달성군청,달성경찰서,N,0.0,,2019-09-10
어린이집,옥스포드어린이집,대구광역시 달성군 화원읍 비슬로512길 44,대구광역시 달성군 화원읍 천내리 379-1,35.8018091,128.4983403,대구광역시 달성군청,달성경찰서,N,0.0,,2019-09-10
어린이집,혜민어린이집,대구광역시 달성군 화원읍 인흥길 29,대구광역시 달성군 화원읍 천내리 901-58,35.8012445,128.4984352,대구광역시 달성군청,달성경찰서,N,0.0,,2019-09-10
어린이집,소호어린이집,대구광역시 달성군 화원읍 비슬로528길4,대구광역시 달성군 화원읍 본리리 16,35.8052988,128.5048836,대구광역시 달성군청,달성경찰서,N,0.0,,2019-09-10
어린이집,세계어린이집,대구광역시 달성군 화원읍 비슬로500길10,대구광역시 달성군 화원읍 명곡리 215-5,35.7987716,128.4911166,대구광역시 달성군청,달성경찰서,N,0.0,,2019-09-10
어린이집,논공읍어린이집,대구광역시 달성군 논공읍 논공로23길6-15,대구광역시 달성군 논공읍 북리 803-168,35.730208,128.447118,대구광역시 달성군청,달성경찰서,N,0.0,,2019-09-10
어린이집,스탠포드어린이집,대구광역시 달성군 논공읍 논공로5길198,대구광역시 달성군 논공읍 북리 803-160,35.730141,128.446568,대구광역시 달성군청,달성경찰서,N,0.0,,2019-09-10
어린이집,달성어린이집(139명),대구광역시 달성군 현풍면 현풍중앙로10길74,대구광역시 달성군 현풍면 중리 146,35.695809,128.449016,대구광역시 달성군청,달성경찰서,N,0.0,,2019-09-10
어린이집,현풍아이세상어린이집(114명),대구광역시 달성군 현풍면 현풍중앙로10길64,대구광역시 달성군 현풍면 중리 158,35.695395,128.448979,대구광역시 달성군청,달성경찰서,N,0.0,,2019-09-10
유치원,서재아이숲유치원,대구광역시 달성군 다사읍 서재본길 41,대구광역시 달성군 다사읍 서재리 526,35.8721248,128.4922942,대구광역시 달성군청,달성경찰서,N,0.0,,2019-09-10
유치원,안드레아유치원,대구광역시 달성군 현풍면 현풍동로 10,대구광역시 달성군 현풍면 중리 323,35.692123,128.447951,대구광역시 달성군청,달성경찰서,N,0.0,,2019-09-10
유치원,대영유치원(논공읍대영),대구광역시 달성군 논공읍 논공중앙로22길 47,대구광역시 달성군 논공읍 남리 617-9,35.72369463,128.4498412,대구광역시 달성군청,달성경찰서,N,0.0,,2019-09-10
초등학교,강림초등학교,대구광역시 달성군 옥포면 돌미로 15,대구광역시 달성군 옥포면 강림리 1106,35.7813088,128.4365696,대구광역시 달성군청,달성경찰서,N,0.0,,2019-09-10
유치원,옥빛유치원,대구광역시 달성군 옥포면 돌미로2서길 20,대구광역시 달성군 옥포면 강림리 1216,35.77889535,128.4364839,대구광역시 달성군청,달성경찰서,N,0.0,,2019-09-10
초등학교,세천초등학교,대구광역시 달성군 다사읍 세천로 182-9,대구광역시 달성군 다사읍 세천리 1586,35.87434869,128.4814713,대구광역시 달성군청,달성경찰서,N,0.0,,2019-09-10
유치원,세천유치원,대구광역시 달성군 다사읍 세천로 182-11,대구광역시 달성군 다사읍 세천리 1586,35.87386895,128.4812055,대구광역시 달성군청,달성경찰서,N,0.0,,2019-09-10
초등학교,대실초등학교,대구광역시 달성군 다사읍 대실역남로1길 31,대구광역시 달성군 다사읍 죽곡리 820,35.85308934,128.4678988,대구광역시 달성군청,달성경찰서,N,0.0,,2019-09-10
유치원,대실유치원,대구광역시 달성군 다사읍 대실역남로1길 29,대구광역시 달성군 다사읍 죽곡리 820,35.85260246,128.4676241,대구광역시 달성군청,달성경찰서,N,0.0,,2019-09-10
초등학교,비슬초등학교,대구광역시 달성군 유가읍 테크노북로 144,대구광역시 달성군 유가읍 봉리 597,35.69605766,128.458744351,대구광역시 달성군청,달성경찰서,N,0.0,,2019-09-10
유치원,비슬유치원,대구광역시 달성군 유가읍 테크노북로 142,대구광역시 달성군 유가읍 봉리 597,35.6965059249,128.458342,대구광역시 달성군청,달성경찰서,N,0.0,,2019-09-10
유치원,어울림유치원,대구광역시 달성군 다사읍 매곡로 4길 26-1,대구광역시 달성군 다사읍 매곡리 645,35.864434,128.455292,대구광역시 달성군청,달성경찰서,N,0.0,,2019-09-10
유치원,엘키즈유치원,대구광역시 달성군 화원읍 성천로 42길 24,대구광역시 달성군 화원읍 구라리 산18-6,35.810333,128.504549,대구광역시 달성군청,달성경찰서,N,0.0,,2019-09-10
초등학교,테크노4초등학교,대구광역시 달성군 유가읍 테크노대로5길 34,대구광역시 달성군 유가읍 봉리 623,35.6922354374,128.467737703,대구광역시 달성군청,달성경찰서,N,0.0,,2019-09-10
유치원,테크노4유치원,대구광역시 달성군 유가읍 테크노대로5길 34,대구광역시 달성군 유가읍 봉리 623,35.6922354374,128.467738,대구광역시 달성군청,달성경찰서,N,0.0,,2019-09-10
초등학교,서동초등학교,대구광역시 달성군 다사읍 서재로 7길 53,대구광역시 달성군 다사읍 서재리 928,35.87181404,128.4888068,대구광역시 달성군청,달성경찰서,N,0.0,,2019-09-10
유치원,서동유치원,대구광역시 달성군 다사읍 서재로 7길 55,대구광역시 달성군 다사읍 서재리 928,35.87181404,128.488431361,대구광역시 달성군청,달성경찰서,N,0.0,,2019-09-10
초등학교,포산초등학교,대구광역시 달성군 현풍면 테크노북로 80,대구광역시 달성군 현풍면 중리 483,35.69487717,128.4526291,대구광역시 달성군청,달성경찰서,N,0.0,,2019-09-10
유치원,포산유치원,대구광역시 달성군 현풍면 테크노북로 80,대구광역시 달성군 현풍면 중리 483,35.69487717,128.4526291,대구광역시 달성군청,달성경찰서,N,0.0,,2019-09-10
초등학교,세현초등학교,대구광역시 달성군 구지면 국가산단대로66길 10,대구광역시 달성군 구지면 창리 1446,35.6597834863,128.419806222,대구광역시 달성군청,달성경찰서,N,0.0,,2019-09-10
유치원,비슬향 유치원,대구광역시 달성군 현풍면 현풍동로 22길 17,대구광역시 달성군 현풍면 상리 500,35.700464,128.4508879,대구광역시 달성군청,달성경찰서,N,0.0,,2019-09-10
유치원,도담소리숲 유치원,대구광역시 달성군 화원읍 인흥2길 79,대구광역시 달성군 화원읍 본리리 600,35.78843305,128.5197759,대구광역시 달성군청,달성경찰서,N,0.0,,2019-09-10
유치원,옥포예일유치원,대구광역시 달성군 옥포면 법화길 61,대구광역시 달성군 옥포면 교항리 1716-3,35.7865704,128.446206,대구광역시 달성군청,달성경찰서,N,0.0,,2019-09-10
초등학교,효동초교,대구광역시 동구 효동로 78-7,,35.884122,128.6447388933,대구광역시청,대구동부경찰서,Y,2.0,6,2020-01-14
초등학교,율하초교,대구광역시 동구 율하동로15길 1,,35.8678135833,128.7015368671,대구광역시청,대구동부경찰서,Y,2.0,6,2020-01-14
초등학교,반야월초교,대구광역시 동구 안심로49길 70,,35.8682736703,128.7107622084,대구광역시청,대구동부경찰서,Y,2.0,6,2020-01-14
초등학교,동촌초교,대구광역시 동구 동촌로 168,,35.882087,128.658952,대구광역시청,대구동부경찰서,Y,1.0,8,2020-01-14
초등학교,신천초교,대구광역시 동구 송라로6길 5,,35.871649,128.6210092702,대구광역시청,대구동부경찰서,Y,2.0,6,2020-01-14
초등학교,아양초교,대구광역시 동구 아양로 221,,35.8874626943,128.6374327631,대구광역시청,대구동부경찰서,Y,1.0,8,2020-01-14
유치원,소원유치원,대구광역시 동구 아양로42길 12,,35.885493,128.6366879477,대구광역시청,대구동부경찰서,Y,1.0,8,2020-01-14
유치원,사과나무유치원,대구광역시 동구 아양로8길 31-4,,35.8798757748,128.620657,대구광역시청,대구동부경찰서,Y,1.0,6,2020-01-14
초등학교,동신초교,대구광역시 동구 송라로123,,35.8782753357,128.615027675,대구광역시청,대구동부경찰서,Y,1.0,8,2020-01-14
어린이집,꿈꽃어린이집,대구광역시 동구 송라로110,,35.876872,128.616848,대구광역시청,대구동부경찰서,Y,1.0,8,2020-01-14
초등학교,동부초교,대구광역시 동구 신암북로7길 22,,35.888025816,128.6198324409,대구광역시청,대구동부경찰서,Y,5.0,6,2020-01-14
유치원,행복유치원,대구광역시 동구 신암북로7길 75,,35.888735,128.617919,대구광역시청,대구동부경찰서,Y,1.0,8,2020-01-14
초등학교,효신초교,대구광역시 동구 동부로34길 70,,35.8726700059,128.6321105422,대구광역시청,대구동부경찰서,Y,2.0,6,2020-01-14
초등학교,서촌초교,대구광역시 동구 파계로 525-11,,35.980403256,128.631745512,대구광역시청,대구동부경찰서,Y,1.0,20,2020-01-14
초등학교,안일초교,대구광역시 동구 율하동로23길 66,,35.871415,128.6952236437,대구광역시청,대구동부경찰서,Y,4.0,8,2020-01-14
초등학교,송정초교,대구광역시 동구 안심로90길 9,,35.870607357,128.7340266837,대구광역시청,대구동부경찰서,Y,1.0,8,2020-01-14
유치원,해피키즈유치원,대구광역시 동구 안심로90길 22,,35.8689121453,128.733114,대구광역시청,대구동부경찰서,Y,1.0,8,2020-01-14
초등학교,불로초교,대구광역시 동구 방천로3길 19,,35.8974791818,128.6335013847,대구광역시청,대구동부경찰서,Y,5.0,6,2020-01-14
초등학교,동대구초교,대구광역시 동구 신암남로45,,35.8796947779,128.620975,대구광역시청,대구동부경찰서,Y,1.0,8,2020-01-14
초등학교,효목초교,대구광역시 동구 화랑로27길 25,,35.8760049526,128.6415770481,대구광역시청,대구동부경찰서,Y,4.0,8,2020-01-14
유치원,금성유치원,대구광역시 동구 화랑로25길 21,,35.875943,128.640252,대구광역시청,대구동부경찰서,Y,1.0,15,2020-01-14
초등학교,방촌초교,대구광역시 동구 동촌로42길 35-14,,35.8806551436,128.6630347119,대구광역시청,대구동부경찰서,Y,2.0,8,2020-01-14
유치원,꽃동산유치원,대구광역시 동구 동촌로48길 24-7,,35.880095,128.665058,대구광역시청,대구동부경찰서,Y,1.0,6,2020-01-14
초등학교,신성초교,대구광역시 동구 동북로71길 29,,35.8901229735,128.6289427138,대구광역시청,대구동부경찰서,Y,5.0,6,2020-01-14
초등학교,공산초교,대구광역시 동구 팔공로197길 35,,35.9564796415,128.6906247056,대구광역시청,대구동부경찰서,Y,2.0,8,2020-01-14
초등학교,해안초교,대구광역시 동구 옻골로50,,35.896174,128.6830241105,대구광역시청,대구동부경찰서,Y,1.0,12,2020-01-14
초등학교,숙천초교,대구광역시 동구 숙천로 15,,35.876325638,128.7530358264,대구광역시청,대구동부경찰서,Y,2.0,8,2020-01-14
유치원,동촌유치원,대구광역시 동구 해동로 219,,35.8862099245,128.6533618237,대구광역시청,대구동부경찰서,Y,1.0,15,2020-01-14
초등학교,입석초교,대구광역시 동구 아양로 300,,35.8906927699,128.6439976496,대구광역시청,대구동부경찰서,Y,1.0,30,2020-01-14
초등학교,영신초교,대구광역시 동구 팔공로50길 32,,35.9192552643,128.6473981062,대구광역시청,대구동부경찰서,Y,1.0,8,2020-01-14
초등학교,해서초교,대구광역시 동구 팔공로 220-4,,35.9180712588,128.6430531068,대구광역시청,대구동부경찰서,Y,2.0,8,2020-01-14
초등학교,지묘초교,대구광역시 동구 파게로6길 54-3,,35.942816,128.638555,대구광역시청,대구동부경찰서,Y,2.0,6,2020-01-14
초등학교,덕성초교,대구광역시 동구 아양로34길 50,,35.882132,128.6284773008,대구광역시청,대구동부경찰서,Y,4.0,6,2020-01-14
어린이집,효목어린이집,대구광역시 동구 화랑로25길 45,,35.878173,128.641234,대구광역시청,대구동부경찰서,Y,4.0,8,2020-01-14
초등학교,용호초교,대구광역시 동구 동촌로56길 82,,35.8773570241,128.6723772425,대구광역시청,대구동부경찰서,Y,2.0,8,2020-01-14
유치원,다애유치원,대구광역시 동구 화랑로88길 80,,35.8754084376,128.6644883973,대구광역시청,대구동부경찰서,Y,1.0,15,2020-01-14
유치원,나현유치원,대구광역시 동구 화랑로88길 90,,35.875804,128.6634602634,대구광역시청,대구동부경찰서,Y,1.0,8,2020-01-14
유치원,조은유치원,대구광역시 동구 율하동로20길 31,,35.8687065907,128.7046514341,대구광역시청,대구동부경찰서,Y,2.0,8,2020-01-14
유치원,보성유치원,대구광역시 동구 큰고개로 23,,35.8858743005,128.6238061174,대구광역시청,대구동부경찰서,Y,1.0,15,2020-01-14
어린이집,동부어린이집,대구광역시 동구 큰고개로 46-2,,35.888819,128.625071,대구광역시청,대구동부경찰서,Y,2.0,8,2020-01-14
유치원,무산유치원,대구광역시 동구 경안로103길 31,,35.868034,128.712183,대구광역시청,대구동부경찰서,Y,2.0,8,2020-01-14
유치원,자연동화유치원,대구광역시 동구 안심로51길 13-2,,35.8668412713,128.712357,대구광역시청,대구동부경찰서,Y,1.0,8,2020-01-14
유치원,강변유치원,대구광역시 동구 동촌로54길 13,,35.8788019056,128.6680096108,대구광역시청,대구동부경찰서,Y,1.0,6,2020-01-14
유치원,예뜰유치원,대구광역시 동구 반야월북로55길 43,,35.874528,128.730521,대구광역시청,대구동부경찰서,Y,1.0,6,2020-01-14
유치원,온누리유치원,대구광역시 동구 안심로7길 21,,35.8724137545,128.693319,대구광역시청,대구동부경찰서,Y,1.0,12,2020-01-14
초등학교,동호초교,대구광역시 동구 동호로 25,,35.8653520969,128.7204857908,대구광역시청,대구동부경찰서,Y,1.0,20,2020-01-14
유치원,대구가톨릭대학부속유치원,대구광역시 동구 안심로 300,,35.865592,128.7176258113,대구광역시청,대구동부경찰서,Y,1.0,20,2020-01-14
초등학교,강동초교,대구광역시 동구 동호로7길 17,,35.8680991913,128.730238905,대구광역시청,대구동부경찰서,Y,1.0,8,2020-01-14
초등학교,율원초교,대구광역시 동구 율하동로 55,,35.864894,128.700743,대구광역시청,대구동부경찰서,Y,1.0,30,2020-01-14
어린이집,키즈하버드어린이집,대구광역시 동구 율하동로8길 75,,35.864335,128.701941,대구광역시청,대구동부경찰서,Y,1.0,8,2020-01-14
특수학교,선명특수학교,대구광역시 동구 팔공산로 225,,35.9971875555,128.6137631058,대구광역시청,대구동부경찰서,Y,1.0,20,2020-01-14
유치원,아름다운유치원,대구광역시 동구 동호로2길 37-17,,35.865365,128.7244493839,대구광역시청,대구동부경찰서,Y,2.0,6,2020-01-14
유치원,아인유치원,대구광역시 동구 화랑로 558,,35.8743342838,128.684644,대구광역시청,대구동부경찰서,Y,1.0,30,2020-01-14
어린이집,지묘어린이집,대구광역시 동구 파계로 117,,35.944223,128.6370343336,대구광역시청,대구동부경찰서,Y,1.0,20,2020-01-14
어린이집,소원어린이집,대구광역시 동구 아양로52길 17,,35.886489,128.640685,대구광역시청,대구동부경찰서,Y,1.0,8,2020-01-14
어린이집,소명어린이집,대구광역시 동구 율하동로28길 39,,35.871458,128.7070185502,대구광역시청,대구동부경찰서,Y,1.0,8,2020-01-14
어린이집,예쁜손어린이집,대구광역시 동구 율하동로26길 22,,35.870112,128.704704373,대구광역시청,대구동부경찰서,Y,1.0,8,2020-01-14
어린이집,청산어린이집,대구광역시 동구 송라로3길 13-3,,35.869435,128.619153,대구광역시청,대구동부경찰서,Y,1.0,8,2020-01-14
어린이집,단비어린이집,대구광역시 동구 팔공로91길 10,,35.940566,128.644575,대구광역시청,대구동부경찰서,Y,1.0,8,2020-01-14
어린이집,강동어린이집,대구광역시 동구 율하서로 96,,35.8614277474,128.688654,대구광역시청,대구동부경찰서,Y,2.0,8,2020-01-14
초등학교,율금초교,대구광역시 동구 안심로16길 70,,35.8618878142,128.6918367216,대구광역시청,대구동부경찰서,Y,1.0,20,2020-01-14
어린이집,효성어린이집,대구광역시 동구 효목로19길 9-6,,35.881296,128.641876,대구광역시청,대구동부경찰서,Y,1.0,8,2020-01-14
유치원,호수유치원,대구광역시 동구 팔공로68길 4-5,,35.9295395545,128.642874,대구광역시청,대구동부경찰서,Y,1.0,8,2020-01-14
어린이집,명지어린이집,대구광역시 동구 신암남로27길 35,,35.883446,128.628834,대구광역시청,대구동부경찰서,Y,1.0,8,2020-01-14
유치원,아이누리유치원,대구광역시 동구 방촌로17길 26,,35.885932,128.663756,대구광역시청,대구동부경찰서,Y,2.0,6,2020-01-14
어린이집,미키월드랜드어린이집,대구광역시 동구 동촌로45길 39,,35.8832882477,128.669147,대구광역시청,대구동부경찰서,Y,1.0,6,2020-01-14
어린이집,청구어린이집,대구광역시 동구 송라로 3-6,,35.8684756732,128.618421,대구광역시청,대구동부경찰서,Y,1.0,6,2020-01-14
초등학교,새론초교,대구광역시 동구 과학로13길 5,,35.8843892801,128.7170839495,대구광역시청,대구동부경찰서,Y,2.0,8,2020-01-14
유치원,강남유치원,대구광역시 동구 신암로18길 19,,35.877706,128.612603,대구광역시청,대구동부경찰서,Y,1.0,8,2020-01-14
유치원,율빛유치원,대구광역시 동구 율하서로3길 45,,35.860512047,128.688145,대구광역시청,대구동부경찰서,Y,1.0,8,2020-01-14
유치원,파란하늘유치원,대구광역시 동구 금호강변로3길 14,,35.869225,128.689075,대구광역시청,대구동부경찰서,Y,1.0,15,2020-01-14
어린이집,동구청어린이집,대구광역시 동구 신암남로 175-1,,35.884901,128.632079,대구광역시청,대구동부경찰서,Y,1.0,8,2020-01-14
어린이집,키즈오르다어린이집,대구광역시 동구 국채보상로165길 31,,35.869592,128.6157220303,대구광역시청,대구동부경찰서,Y,1.0,6,2020-01-14
초등학교,봉무초교,대구광역시 동구 팔공로53길 30,,35.9258007355,128.6374119948,대구광역시청,대구동부경찰서,Y,2.0,20,2020-01-14
어린이집,세원어린이집,대구광역시 동구 효목로17길 50,,35.881853,128.640146,대구광역시청,대구동부경찰서,Y,1.0,8,2020-01-14
유치원,아트숲유치원,대구광역시 동구 용계로1길 36,,35.875342,128.692885,대구광역시청,대구동부경찰서,Y,1.0,12,2020-01-14
어린이집,예일어린이집,대구광역시 동구 동부로 67-1,,35.875539,128.619791,대구광역시청,대구동부경찰서,Y,1.0,6,2020-01-14
유치원,금빛유치원,대구광역시 동구 반야월로 208-1,,35.8717255559,128.711336,대구광역시청,대구동부경찰서,Y,1.0,8,2020-01-14
어린이집,동호어린이집,대구광역시 동구 안심로51길 120,,35.871609,128.713137,대구광역시청,대구동부경찰서,Y,1.0,8,2020-01-14
유치원,율하유치원,대구광역시 동구 안심로 16길 19,,35.8663307362,128.6947520039,대구광역시청,대구동부경찰서,Y,1.0,8,2020-01-14
유치원,숲에온유치원,대구광역시 동구 신암북로 11길 11,,35.8880547803,128.6219592217,대구광역시청,대구동부경찰서,Y,1.0,8,2020-01-14
유치원,으뜸유치원,대구광역시 동구 위남로2길 38,,35.9307359888,128.6349831438,대구광역시청,대구동부경찰서,Y,1.0,6,2020-01-14
유치원,위즈숲유치원,대구광역시 동구 파계로19길 12-7,,35.9425917485,128.6360030835,대구광역시청,대구동부경찰서,Y,1.0,6,2020-01-14
유치원,수피아유치원,대구광역시 동구 메디벨리로8길 11,,35.884158,128.717342,대구광역시청,대구동부경찰서,Y,1.0,12,2020-01-14
어린이집,수피아어린이집,대구광역시 동구 메디벨리로8길 11,,35.884158,128.717342,대구광역시청,대구동부경찰서,Y,1.0,12,2020-01-14
유치원,가람유치원,"대구광역시 북구 칠곡중앙대로52길 20, 삼성아파트",대구광역시 북구 태전동 608-5,35.9198599022,128.5483610224,대구광역시 북구청,강북경찰서,Y,6.0,12.0,2019-12-17
초등학교,강북초등,대구광역시 북구 구암서로 50,대구광역시 북구 구암동 785-1,35.9408343,128.566782,대구광역시 북구청,강북경찰서,Y,4.0,10.0,2019-12-17
유치원,경전유치원,대구광역시 북구 복현로 11,대구광역시 북구 복현동 337-3,35.893506,128.6227636,대구광역시 북구청,북부경찰서,Y,4.0,10.0,2019-12-17
초등학교,경진초등,대구광역시 북구 경진로12길 5,대구광역시 북구 복현동 447,35.892027753,128.6170921999,대구광역시 북구청,북부경찰서,Y,5.0,8.0,2019-12-17
초등학교,관남초등,대구광역시 북구 칠곡중앙대로91길 10,대구광역시 북구 관음동 1386-2,35.9368375851,128.5477879453,대구광역시 북구청,강북경찰서,Y,5.0,18.0,2019-12-17
어린이집,관음어린이집,대구광역시 북구 관음중앙로22길 3,대구광역시 북구 관음동 190,35.9432277,128.5456811,대구광역시 북구청,강북경찰서,Y,7.0,8.0,2019-12-17
초등학교,관음초등,대구광역시 북구 관음동로17길 16,대구광역시 북구 관음동 1340-1,35.9399209865,128.5471122798,대구광역시 북구청,강북경찰서,Y,5.0,7.0,2019-12-17
초등학교,관천초등,대구광역시 북구 구암로22길 17,대구광역시 북구 태전동 999-2,35.9305641,128.5520482,대구광역시 북구청,강북경찰서,Y,5.0,12.0,2019-12-17
초등학교,교동초등,대구광역시 북구 관음중앙로34길 4,대구광역시 북구 읍내동 1305,35.9447886,128.5494726,대구광역시 북구청,강북경찰서,Y,4.0,8.0,2019-12-17
어린이집,구암어린이집,대구광역시 북구 구암로42길 13-20,대구광역시 북구 구암동 468,35.9302986,128.5630209,대구광역시 북구청,강북경찰서,Y,3.0,5.0,2019-12-17
초등학교,구암초등,대구광역시 북구 학정로 245,대구광역시 북구 구암동 694-1,35.9281441561,128.5577585259,대구광역시 북구청,강북경찰서,Y,4.0,33.0,2019-12-17
유치원,꿈동산유치원,대구광역시 북구 대불서길 33,대구광역시 북구 산격동 481-1,35.902220954,128.6128453,대구광역시 북구청,북부경찰서,Y,5.0,6.0,2019-12-17
어린이집,꿈요정어린이집→라온제나어린이집,대구광역시 북구 도남길 33-9,대구광역시 북구 국우동 696,35.9522319,128.5800568,대구광역시 북구청,강북경찰서,N,0.0,6.0,2019-12-17
어린이집,나래영재어린이집,대구광역시 북구 대불서길 18-6,대구광역시 북구 산격동 485-8,35.901192463,128.6145454,대구광역시 북구청,북부경찰서,Y,4.0,7.0,2019-12-17
유치원,다솔유치원,"대구광역시 북구 매전로 73, 태전휴먼시아1단지",대구광역시 북구 태전동 1103,35.9129423775,128.5439103915,대구광역시 북구청,강북경찰서,Y,3.0,7.0,2019-12-17
유치원,다솜유치원,대구광역시 북구 복현로20길 20,대구광역시 북구 복현동 106,35.9008908043,128.6222078464,대구광역시 북구청,북부경찰서,N,0.0,6.0,2019-12-17
초등학교,달산초등,대구광역시 북구 옥산로17길 37,대구광역시 북구 침산동 402,35.8876987191,128.5851441,대구광역시 북구청,북부경찰서,Y,3.0,16.0,2019-12-17
유치원,대구과학대학부설유치원,대구광역시 북구 영송로 15,대구광역시 북구 태전동 산6-6,35.92684373,128.5440255311,대구광역시 북구청,강북경찰서,Y,3.0,15.0,2019-12-17
초등학교,관문초등,대구광역시 북구 매전로 32,대구광역시 북구 매천동 743,35.9086997517,128.5461085,대구광역시 북구청,강북경찰서,Y,2.0,12.0,2019-12-17
초등학교,동평초등,대구광역시 북구 동천로 84,대구광역시 북구 동천동 915-1,35.9390009328,128.5608216514,대구광역시 북구청,강북경찰서,Y,2.0,10.0,2019-12-17
초등학교,사수초등학교,대구광역시 북구 내곡로 124,대구광역시 북구 사수동 814,35.900147172,128.5152503,대구광역시 북구청,강북경찰서,Y,2.0,18.0,2019-12-17
특수학교,성보특수학교,"대구광역시 북구 동북로71길 9-45, 대구성보학교",대구광역시 북구 복현동 310,35.89408427,128.6302775395,대구광역시 북구청,북부경찰서,Y,3.0,10.0,2019-12-17
초등학교,운암초등,대구광역시 북구 대천로 148,대구광역시 북구 구암동 789-4,35.9357007497,128.5656283,대구광역시 북구청,강북경찰서,Y,3.0,13.0,2019-12-17
초등학교,학남초등,대구광역시 북구 학정동로 23,대구광역시 북구 국우동 1079-1,35.9462397,128.5662835989,대구광역시 북구청,강북경찰서,Y,3.0,20.0,2019-12-17
유치원,대원유치원,대구광역시 북구 동북로26길 26,대구광역시 북구 산격동 1202-1,35.8998227619,128.60512525,대구광역시 북구청,북부경찰서,Y,6.0,8.0,2019-12-17
초등학교,대천초등,대구광역시 북구 구암로21길 54,대구광역시 북구 읍내동 1366,35.9372103756,128.5543639644,대구광역시 북구청,강북경찰서,Y,4.0,10.0,2019-12-17
초등학교,도남초등,대구광역시 북구 구리로 202,대구광역시 북구 국우동 1110-2,35.9486598055,128.577122,대구광역시 북구청,강북경찰서,Y,4.0,10.0,2019-12-17
초등학교,동변초등,대구광역시 북구 동변로 60,대구광역시 북구 동변동 694,35.9191307401,128.6041638152,대구광역시 북구청,강북경찰서,Y,4.0,13.0,2019-12-17
유치원,동서변유치원,대구광역시 북구 서변로3길 59,대구광역시 북구 서변동 1143-1,35.9219561,128.5946241,대구광역시 북구청,강북경찰서,Y,2.0,12.0,2019-12-17
유치원,동원유치원-->다애숲유치원,대구광역시 북구 복현로북2길 9,대구광역시 북구 복현동 362-2,35.8934605,128.6238919,대구광역시 북구청,북부경찰서,Y,4.0,10.0,2019-12-17
유치원,리더스유치원,대구광역시 북구 학정동로13길 12,대구광역시 북구 학정동 938-10,35.9502955,128.5665514,대구광역시 북구청,강북경찰서,Y,4.0,10.0,2019-12-17
어린이집,리라어린이집,대구광역시 북구 대현로21길 52,대구광역시 북구 대현동 167-12,35.8847183257,128.6079208984,대구광역시 북구청,북부경찰서,Y,1.0,7.0,2019-12-17
초등학교,매천초등,대구광역시 북구 매천로 179,대구광역시 북구 매천동 173,35.9133253279,128.5410376667,대구광역시 북구청,강북경찰서,Y,5.0,12.0,2019-12-17
유치원,메이플유치원,"대구광역시 북구 영송로 85, 한신중앙아파트",대구광역시 북구 태전동 936-1,35.9327950197,128.5426121945,대구광역시 북구청,강북경찰서,Y,3.0,15.0,2019-12-17
어린이집,무지개어린이집,대구광역시 북구 태전로7길 30-13,대구광역시 북구 태전동 214-41,35.9230893,128.5411962104,대구광역시 북구청,강북경찰서,Y,2.0,7.0,2019-12-17
어린이집,무태어린이집,대구광역시 북구 서변로3길 79-8,대구광역시 북구 서변동 954-2,35.9232945341,128.5957434,대구광역시 북구청,강북경찰서,Y,4.0,12.0,2019-12-17
초등학교,문성초등,대구광역시 북구 복현로 180,대구광역시 북구 복현동 33,35.905810797,128.6203544064,대구광역시 북구청,북부경찰서,Y,1.0,23.0,2019-12-17
유치원,미래유치원,"대구광역시 북구 팔거천동로 104, 칠곡2차보성서한타운",대구광역시 북구 동천동 872,35.9327072602,128.5563899008,대구광역시 북구청,강북경찰서,Y,3.0,20.0,2019-12-17
어린이집,미소담어린이집(구.하나린어린이집),대구광역시 북구 매전로4길 10-20,대구광역시 북구 매천동 693,35.9080756801,128.5425981,대구광역시 북구청,강북경찰서,Y,2.0,10.0,2019-12-17
유치원,미술관유치원,대구광역시 북구 학남로1길 2-11,대구광역시 북구 학정동 945-8,35.9490276,128.5662986324,대구광역시 북구청,강북경찰서,Y,4.0,9.0,2019-12-17
어린이집,예뜰(베니벨라)어린이집-->반디어린이집,대구광역시 북구 학정동로 84,대구광역시 북구 학정동 934-3,35.9512033,128.5682272,대구광역시 북구청,강북경찰서,Y,2.0,9.0,2019-12-17
유치원,반디유치원,대구광역시 북구 관음동로32길 6-13,대구광역시 북구 읍내동 1295-5,35.9461262,128.5477342639,대구광역시 북구청,강북경찰서,Y,4.0,8.0,2019-12-17
초등학교,복현초등,대구광역시 북구 공항로 58,대구광역시 북구 복현동 225,35.8976052987,128.6215382982,대구광역시 북구청,북부경찰서,Y,3.0,15.0,2019-12-17
초등학교,북대구초등,대구광역시 북구 동북로37길 68,대구광역시 북구 산격동 283,35.9032855796,128.6095652,대구광역시 북구청,북부경찰서,Y,4.0,10.0,2019-12-17
초등학교,북부초등,대구광역시 북구 동천로 20,대구광역시 북구 동천동 880,35.9334558,128.5592149898,대구광역시 북구청,강북경찰서,Y,2.0,20.0,2019-12-17
유치원,분도유치원,대구광역시 북구 복현로 70-9,대구광역시 북구 복현동 265-12,35.8983294,128.6242237,대구광역시 북구청,북부경찰서,Y,4.0,5.0,2019-12-17
어린이집,사랑어린이집,대구광역시 북구 칠곡중앙대로126길 3,대구광역시 북구 읍내동 431-6,35.9511061,128.553947,대구광역시 북구청,강북경찰서,Y,4.0,12.0,2019-12-17
초등학교,산격초등,대구광역시 북구 산격로10길 14,대구광역시 북구 산격동 1409,35.8945503254,128.6063964963,대구광역시 북구청,북부경찰서,Y,3.0,6.0,2019-12-17
유치원,삼성유치원,대구광역시 북구 동암로 21-19,대구광역시 북구 읍내동 473-1,35.9474763,128.5535988677,대구광역시 북구청,강북경찰서,Y,5.0,6.0,2019-12-17
초등학교,"삼영초등학교, 삼영유치원(공립단설)",대구광역시 북구 내곡로 63,대구광역시 북구 사수동 778,35.901614,128.5096883055,대구광역시 북구청,강북경찰서,Y,3.0,,2019-12-17
어린이집,새나래어린이집,"대구광역시 북구 경대로7길 60, 성지무궁화아파트",대구광역시 북구 대현동 25-13,35.8861205335,128.6079182446,대구광역시 북구청,북부경찰서,Y,3.0,7.0,2019-12-17
어린이집,새동변어린이집,대구광역시 북구 동변로18길 25,대구광역시 북구 동변동 370,35.9204179,128.6060865,대구광역시 북구청,강북경찰서,Y,2.0,12.0,2019-12-17
유치원,새솔유치원,"대구광역시 북구 동암로7길 39, 칠곡한서타운",대구광역시 북구 읍내동 1234-7,35.9495511282,128.5555721123,대구광역시 북구청,강북경찰서,Y,3.0,10.0,2019-12-17
유치원,샛별유치원,"대구광역시 북구 검단로 255, 민들레아파트",대구광역시 북구 검단동 1128-3,35.9163351994,128.6281418867,대구광역시 북구청,북부경찰서,Y,4.0,7.0,2019-12-17
초등학교,서변초등,대구광역시 북구 호국로43길 35,대구광역시 북구 서변동 1749,35.9207555763,128.5950280612,대구광역시 북구청,강북경찰서,Y,3.0,10.0,2019-12-17
어린이집,성북어린이집,대구광역시 북구 침산남로9길 6-6,대구광역시 북구 노원동1가 2-4,35.8897561,128.5813467765,대구광역시 북구청,북부경찰서,Y,2.0,8.0,2019-12-17
초등학교,성북초등,대구광역시 북구 호국로57길 42,대구광역시 북구 서변동 861,35.9264101438,128.5942114,대구광역시 북구청,강북경찰서,Y,4.0,12.0,2019-12-17
어린이집,빛나라(세계제일)어린이집,대구광역시 북구 복현로20길 73-1,대구광역시 북구 복현동 28-35,35.9059934886,128.6212152,대구광역시 북구청,북부경찰서,Y,5.0,7.0,2019-12-17
초등학교,신암초등,대구광역시 북구 경대로 21,대구광역시 북구 대현동 1-2,35.8837639646,128.6116222418,대구광역시 북구청,북부경찰서,Y,4.0,19.0,2019-12-17
어린이집,아성어린이집,대구광역시 북구 도남길 148-46,대구광역시 북구 도남동 623-4,35.9609127,128.5858597113,대구광역시 북구청,강북경찰서,Y,2.0,4.0,2019-12-17
유치원,아이러브유치원,대구광역시 북구 구암로60길 45-14,대구광역시 북구 구암동 808-2,35.9382737,128.5688728,대구광역시 북구청,강북경찰서,Y,2.0,8.0,2019-12-17
어린이집,아이별어린이집,대구광역시 북구 고성로34길 63,대구광역시 북구 고성동2가 29-7,35.8799004,128.5868329,대구광역시 북구청,북부경찰서,Y,2.0,6.0,2019-12-17
유치원,유진어린이집-->아이킹유치원->태림유치원,대구광역시 북구 매천로37길 8,대구광역시 북구 매천동 144-1,35.9135551,128.5416382,대구광역시 북구청,강북경찰서,Y,2.0,14.0,2019-12-17
어린이집,아인슈타인어린이집,대구광역시 북구 동천로 5-13,대구광역시 북구 동천동 875,35.9323265,128.5569403583,대구광역시 북구청,강북경찰서,Y,2.0,12.0,2019-12-17
유치원,에듀웰유치원,대구광역시 북구 팔거천서로 157-2,대구광역시 북구 읍내동 1435,35.9386239,128.555488,대구광역시 북구청,강북경찰서,Y,4.0,6.0,2019-12-17
어린이집,에트라움어린이집,대구광역시 북구 학남로1길 29,대구광역시 북구 학정동 939-2,35.951241,128.566044,대구광역시 북구청,강북경찰서,Y,2.0,10.0,2019-12-17
어린이집,엘리트어린이집,대구광역시 북구 칠곡중앙대로43길 13,대구광역시 북구 태전동 515-3,35.9150239,128.546879,대구광역시 북구청,강북경찰서,Y,3.0,10.0,2019-12-17
유치원,연세유치원,대구광역시 북구 침산남로 165-4,대구광역시 북구 침산동 136-6,35.8882443,128.5940851,대구광역시 북구청,북부경찰서,Y,2.0,6.0,2019-12-17
어린이집,영지어린이집,대구광역시 북구 산격로서9길 6-1,대구광역시 북구 산격동 1437-20,35.8952123,128.6022434,대구광역시 북구청,북부경찰서,Y,6.0,7.0,2019-12-17
유치원,"예원유치원, 예원어린이집",대구광역시 북구 칠성로 105-21,대구광역시 북구 칠성동2가 409-167,35.8793173853,128.600701,대구광역시 북구청,북부경찰서,Y,3.0,5.0,2019-12-17
유치원,예일유치원,"대구광역시 북구 대천로7길 40, 칠곡산호한양아파트",대구광역시 북구 읍내동 1351,35.9410381765,128.5557731343,대구광역시 북구청,강북경찰서,Y,5.0,10.0,2019-12-17
초등학교,옥산초등,대구광역시 북구 칠성시장로23길 55,대구광역시 북구 칠성동2가 395-1,35.8808946288,128.5978735161,대구광역시 북구청,북부경찰서,Y,11.0,5.0,2019-12-17
유치원,옥스포드유치원,대구광역시 북구 구리로 169,대구광역시 북구 국우동 753-1,35.9479921,128.5731257,대구광역시 북구청,강북경찰서,Y,3.0,10.0,2019-12-17
어린이집,바다어린이집-->온누리어린이집,대구광역시 북구 연암로4길 35,대구광역시 북구 산격동 1401-4,35.8902696,128.6030980956,대구광역시 북구청,북부경찰서,Y,2.0,8.0,2019-12-17
어린이집,우주과학어린이집-->우주과학유치원어린이집,대구광역시 북구 오봉로6길 7,대구광역시 북구 노원동1가 170-1,35.8903643,128.5776159,대구광역시 북구청,북부경찰서,Y,4.0,14.0,2019-12-17
유치원,운휘유치원,대구광역시 북구 매천로37길 34-10,대구광역시 북구 매천동 72,35.91461173,128.5396668,대구광역시 북구청,강북경찰서,Y,2.0,4.0,2019-12-17
어린이집,움사랑생태어린이집,대구광역시 북구 칠곡중앙대로86길 17-1,대구광역시 북구 읍내동 1131,35.9343405,128.5503227099,대구광역시 북구청,강북경찰서,Y,4.0,6.0,2019-12-17
어린이집,동심어린이집-->웃는아이어린이집,대구광역시 북구 학정로 110-22,대구광역시 북구 태전동 444-1,35.9171941,128.5520429,대구광역시 북구청,강북경찰서,Y,2.0,5.0,2019-12-17
어린이집,정원어린이집,대구광역시 북구 칠곡중앙대로126길 21-24,대구광역시 북구 읍내동 441-1,35.9490177059,128.5550119599,대구광역시 북구청,강북경찰서,Y,4.0,10.0,2019-12-17
초등학교,조야초등,대구광역시 북구 조야로8길 16,대구광역시 북구 조야동 102-1,35.9097412,128.5770478187,대구광역시 북구청,강북경찰서,Y,5.0,10.0,2019-12-17
유치원,좋은유치원,"대구광역시 북구 호암로 20, 성광우방타운",대구광역시 북구 칠성동2가 127,35.8826628206,128.5920269551,대구광역시 북구청,북부경찰서,Y,4.0,10.0,2019-12-17
유치원,진성유치원,"대구광역시 북구 구암로 170, 칠곡2차한라타운",대구광역시 북구 구암동 695,35.9305200943,128.5593829265,대구광역시 북구청,강북경찰서,Y,3.0,15.0,2019-12-17
유치원,채송화유치원,대구광역시 북구 학정로48길 42-6,대구광역시 북구 구암동 506,35.9272350096,128.5605621,대구광역시 북구청,강북경찰서,Y,3.0,4.0,2019-12-17
유치원,초록나라유치원,대구광역시 북구 노원로42길 25,대구광역시 북구 침산동 1085-2,35.8982696882,128.5839177619,대구광역시 북구청,북부경찰서,Y,4.0,8.0,2019-12-17
어린이집,칠곡어린이집,대구광역시 북구 칠곡중앙대로110길 6-20,대구광역시 북구 읍내동 789-9,35.9438646,128.5514868,대구광역시 북구청,강북경찰서,Y,2.0,7.0,2019-12-17
유치원,칠곡유치원,대구광역시 북구 칠곡중앙대로116길 12,대구광역시 북구 읍내동 840,35.9461277486,128.5524374617,대구광역시 북구청,강북경찰서,Y,4.0,5.0,2019-12-17
초등학교,칠곡초등,대구광역시 북구 칠곡중앙대로110길 5,대구광역시 북구 읍내동 794,35.9451703413,128.5517715415,대구광역시 북구청,강북경찰서,Y,2.0,6.0,2019-12-17
유치원,칠곡한솔유치원,대구광역시 북구 태암로18길 20-7,대구광역시 북구 구암동 679-1,35.9259879,128.5550239,대구광역시 북구청,강북경찰서,Y,4.0,6.0,2019-12-17
초등학교,칠성초등,대구광역시 북구 침산남로32길 17,대구광역시 북구 침산동 211,35.8870334939,128.5932395548,대구광역시 북구청,북부경찰서,Y,3.0,8.0,2019-12-17
유치원,침산ing유치원,대구광역시 북구 침산남로37길 10,대구광역시 북구 침산동 118-7,35.8882997,128.5962946577,대구광역시 북구청,북부경찰서,Y,2.0,8.0,2019-12-17
초등학교,침산초등,대구광역시 북구 성북로 25,대구광역시 북구 침산동 465,35.8911138008,128.5850731107,대구광역시 북구청,북부경찰서,Y,5.0,24.0,2019-12-17
어린이집,칼라풀어린이집,대구광역시 북구 복현로2길 34,대구광역시 북구 복현동 376-28,35.8920708,128.6257607,대구광역시 북구청,북부경찰서,Y,3.0,7.0,2019-12-17
어린이집,큰뫼생태어린이집,대구광역시 북구 학정로42길 26-24,대구광역시 북구 구암동 566-1,35.9250503,128.5583817,대구광역시 북구청,강북경찰서,Y,5.0,7.0,2019-12-17
초등학교,태암초등,대구광역시 북구 칠곡중앙대로52길 56,대구광역시 북구 태전동 1076-8,35.9230319,128.5505023482,대구광역시 북구청,강북경찰서,Y,5.0,10.0,2019-12-17
초등학교,태전초등,대구광역시 북구 칠곡중앙대로75길 16,대구광역시 북구 태전동 957,35.9302356,128.5460296,대구광역시 북구청,강북경찰서,Y,7.0,10.0,2019-12-17
초등학교,태현초등,대구광역시 북구 태전로 95,대구광역시 북구 태전동 317-1,35.9281669281,128.5406343018,대구광역시 북구청,강북경찰서,Y,4.0,12.0,2019-12-17
어린이집,튼튼한어린이닙,대구광역시 북구 동변로20길 30-1,대구광역시 북구 동변동 261-1,35.9230974345,128.601318,대구광역시 북구청,강북경찰서,Y,2.0,4.0,2019-12-17
초등학교,팔달초등,대구광역시 북구 매천로2길 19-6,대구광역시 북구 팔달동 73-4,35.8979308,128.5449082949,대구광역시 북구청,강북경찰서,Y,6.0,22.0,2019-12-17
어린이집,하나어린이집,대구광역시 북구 칠곡중앙대로43길 33,대구광역시 북구 태전동 661-1,35.9150643,128.5445336,대구광역시 북구청,강북경찰서,Y,3.0,8.0,2019-12-17
어린이집,하늘땅어린이집-->북구어린이집,대구광역시 북구 환성정길 17-2,대구광역시 북구 서변동 1060,35.922829,128.5945198,대구광역시 북구청,강북경찰서,Y,4.0,4.0,2019-12-17
어린이집,하늘어린이집,대구광역시 북구 고성로34길 90,대구광역시 북구 고성동1가 50-180,35.8793927,128.5881726,대구광역시 북구청,북부경찰서,Y,2.0,9.0,2019-12-17
어린이집,학남어린이집,대구광역시 북구 주좌길 34,대구광역시 북구 학정동 129-1,35.9507034788,128.5692323,대구광역시 북구청,강북경찰서,Y,2.0,4.0,2019-12-17
어린이집,학정어린이집,대구광역시 북구 주좌길 26-17,대구광역시 북구 학정동 127-2,35.9501598,128.5691309,대구광역시 북구청,강북경찰서,Y,3.0,5.0,2019-12-17
초등학교,학정초등,대구광역시 북구 학남로 32,대구광역시 북구 학정동 985,35.9482267451,128.5689780237,대구광역시 북구청,강북경찰서,Y,2.0,7.0,2019-12-17
유치원,한꽃유치원,대구광역시 북구 매천로 204,대구광역시 북구 태전동 169-9,35.9151796111,128.5426023779,대구광역시 북구청,강북경찰서,Y,4.0,15.0,2019-12-17
유치원,한림유치원,"대구광역시 북구 대천로 101, 칠곡3차화성타운",대구광역시 북구 동천동 915,35.9370137139,128.5603526362,대구광역시 북구청,강북경찰서,Y,2.0,20.0,2019-12-17
유치원,한별유치원,대구광역시 북구 칠곡중앙대로99길 45-21,대구광역시 북구 관음동 1338-5,35.9406138272,128.5456385,대구광역시 북구청,강북경찰서,Y,3.0,5.0,2019-12-17
초등학교,함지초등,대구광역시 북구 동천로 33,대구광역시 북구 동천동 949,35.9347535773,128.5578616267,대구광역시 북구청,강북경찰서,Y,2.0,10.0,2019-12-17
유치원,해성유치원,대구광역시 북구 사수로 363-36,대구광역시 북구 사수동 135,35.8975674326,128.5182978045,대구광역시 북구청,강북경찰서,Y,2.0,33.0,2019-12-17
어린이집,해와달어린이집,대구광역시 북구 도남길 57-1,대구광역시 북구 국우동 646,35.9540283,128.5805954,대구광역시 북구청,강북경찰서,Y,2.0,4.0,2019-12-17
유치원,행복숲유치원,"대구광역시 북구 구암로 17, 칠곡2차(수정)한양아파트",대구광역시 북구 관음동 1370,35.936640543,128.5429351377,대구광역시 북구청,강북경찰서,Y,2.0,16.0,2019-12-17
어린이집,혜성어린이집,대구광역시 북구 신천동로148길 55,대구광역시 북구 대현동 416-4,35.8841001,128.6050776,대구광역시 북구청,북부경찰서,Y,1.0,6.0,2019-12-17
유치원,혜성유치원,대구광역시 북구 학정로42길 40,대구광역시 북구 구암동 699,35.9267826,128.5589679,대구광역시 북구청,강북경찰서,Y,5.0,8.0,2019-12-17
유치원,혜송유치원,"대구광역시 북구 호암로 40, 삼성아파트",대구광역시 북구 칠성동2가 378-4,35.8819041899,128.5937834655,대구광역시 북구청,북부경찰서,Y,2.0,10.0,2019-12-17
유치원,홍익유치원,대구광역시 북구 침산남로39길 19,대구광역시 북구 침산동 118-18,35.8887242077,128.5970624,대구광역시 북구청,북부경찰서,Y,4.0,10.0,2019-12-17
유치원,환타랜드숲유치원,대구광역시 북구 매천로17길 17-1,대구광역시 북구 매천동 493,35.9043413187,128.5386171556,대구광역시 북구청,강북경찰서,Y,1.0,6.0,2019-12-17
유치원,환타랜드유치원,대구광역시 북구 대천로18길 6,대구광역시 북구 동천동 939-1,35.9364615,128.5580673,대구광역시 북구청,강북경찰서,Y,1.0,8.0,2019-12-17
유치원,효성유치원,대구광역시 북구 동암로37길 17,대구광역시 북구 국우동 1110-2,35.9448653,128.5710848,대구광역시 북구청,강북경찰서,Y,4.0,10.0,2019-12-17
어린이집,신명유치원,대구광역시 북구 동변로20길 15,대구광역시 북구 동변동 319,35.9219255,128.6020137,대구광역시 북구청,강북경찰서,Y,2.0,6.0,2019-12-17
유치원,다인유치원,대구광역시 북구 대현남로 34,대구광역시 북구 대현동 534,35.8811439523,128.607228,대구광역시 북구청,북부경찰서,N,,,2019-12-17
초등학교,대산초등,대구광역시 북구 신천동로 900,대구광역시 북구 산격동 789-4,35.8961140247,128.5931911726,대구광역시 북구청,북부경찰서,Y,4.0,,2019-12-17
어린이집,명문어린이집,대구광역시 북구 복현로20길 15-1,대구광역시 북구 복현동 96,35.900776,128.621512,대구광역시 북구청,북부경찰서,N,0.0,5.0,2019-12-17
초등학교,경운초등학교,대구광역시 서구 평리로54길 16,대구광역시 서구 내당동 296,35.86087951,128.552788,대구광역시 서구청,서부경찰서,Y,,10,2019-09-24
초등학교,내서초등학교,대구광역시 서구 달구벌대로371길 35,대구광역시 서구 내당동 11-33,35.86381875,128.5667588,대구광역시 서구청,서부경찰서,Y,,9,2019-09-24
유치원,내서초등학교병설유치원,대구광역시 서구 달구벌대로371길 35,대구광역시 서구 내당동 11-33,35.86381875,128.5667588,대구광역시 서구청,서부경찰서,Y,,9,2019-09-24
초등학교,달서초등학교,대구광역시 서구 국채보상로34길 35,대구광역시 서구 중리동 65-2,35.8668447,128.5505173,대구광역시 서구청,서부경찰서,Y,,26,2019-09-24
유치원,달서초등학교병설유치원,대구광역시 서구 국채보상로34길 35,대구광역시 서구 중리동 65-2,35.8668447,128.5505173,대구광역시 서구청,서부경찰서,Y,,26,2019-09-24
초등학교,달성초등학교,대구광역시 서구 고성로 127,대구광역시 서구 원대동1가 12,35.88281761,128.5792117,대구광역시 서구청,서부경찰서,Y,,15,2019-09-24
유치원,달성초등학교병설유치원,대구광역시 서구 고성로 127,대구광역시 서구 원대동1가 12,35.88281761,128.5792117,대구광역시 서구청,서부경찰서,Y,,15,2019-09-24
초등학교,대성초등학교,대구광역시 서구 국채보상로 426,대구광역시 서구 비산동 169-1,35.87040526,128.577154,대구광역시 서구청,서부경찰서,Y,,35,2019-09-24
유치원,대성초등학교병설유치원,대구광역시 서구 국채보상로 426,대구광역시 서구 비산동 169-1,35.87040526,128.577154,대구광역시 서구청,서부경찰서,Y,,35,2019-09-24
초등학교,두류초등학교,대구광역시 서구 달구벌대로357길 22,대구광역시 서구 내당동 211-1,35.8616275,128.559932,대구광역시 서구청,서부경찰서,Y,,8,2019-09-24
초등학교,북비산초등학교,대구광역시 서구 통학로48길 7,대구광역시 서구 비산동 786-1,35.88154552,128.5645921,대구광역시 서구청,서부경찰서,Y,,14,2019-09-24
유치원,북비산초등학교병설유치원,대구광역시 서구 통학로48길 7,대구광역시 서구 비산동 786-1,35.88154552,128.5645921,대구광역시 서구청,서부경찰서,Y,,14,2019-09-24
초등학교,비봉초등학교,대구광역시 서구 달서로45길 30,대구광역시 서구 비산동 705-1,35.88276492,128.568631,대구광역시 서구청,서부경찰서,Y,,10,2019-09-24
유치원,비봉초등학교병설유치원,대구광역시 서구 달서로45길 30,대구광역시 서구 비산동 705-1,35.88276492,128.568631,대구광역시 서구청,서부경찰서,Y,,10,2019-09-24
초등학교,비산초등학교,대구광역시 서구 통학로 202,대구광역시 서구 평리동 662-1,35.87875905,128.5643247,대구광역시 서구청,서부경찰서,Y,,15,2019-09-24
초등학교,서대구초등학교,대구광역시 서구 서대구로63길 28-13,대구광역시 서구 비산동 1484,35.88944579,128.5577353,대구광역시 서구청,서부경찰서,Y,,20,2019-09-24
초등학교,서도초등학교,대구광역시 서구 평리로 395,대구광역시 서구 평리동 1111-1,35.86727227,128.5653521,대구광역시 서구청,서부경찰서,Y,,21,2019-09-24
유치원,서도초등학교병설유치원,대구광역시 서구 평리로 395,대구광역시 서구 평리동 1111-1,35.86727227,128.5653521,대구광역시 서구청,서부경찰서,Y,,21,2019-09-24
초등학교,서부초등학교,대구광역시 서구 달서로26길 25,대구광역시 서구 비산동 405-1,35.87387832,128.5737152,대구광역시 서구청,서부경찰서,Y,,13,2019-09-24
유치원,서부초등학교병설유치원,대구광역시 서구 달서로26길 25,대구광역시 서구 비산동 405-1,35.87387832,128.5737152,대구광역시 서구청,서부경찰서,Y,,13,2019-09-24
초등학교,서평초등학교,대구광역시 서구 서대구로45길 60,대구광역시 서구 평리동 574-6,35.878212,128.547905,대구광역시 서구청,서부경찰서,Y,,8,2019-09-24
유치원,서평초등학교병설유치원,대구광역시 서구 서대구로45길 60,대구광역시 서구 평리동 574-6,35.878212,128.547905,대구광역시 서구청,서부경찰서,Y,,8,2019-09-24
초등학교,이현초등학교,대구광역시 서구 국채보상로37길 35,대구광역시 서구 평리동 1500,35.87348589,128.5503987,대구광역시 서구청,서부경찰서,Y,,10,2019-09-24
유치원,이현초등학교병설유치원,대구광역시 서구 국채보상로37길 35,대구광역시 서구 평리동 1500,35.87348589,128.5503987,대구광역시 서구청,서부경찰서,Y,,10,2019-09-24
초등학교,인지초등학교,대구광역시 서구 서대구로66길 20,대구광역시 서구 비산동 1025-10,35.88618196,128.5672834,대구광역시 서구청,서부경찰서,Y,,8,2019-09-24
유치원,인지초등학교병설유치원,대구광역시 서구 서대구로66길 20,대구광역시 서구 비산동 1025-10,35.88618196,128.5672834,대구광역시 서구청,서부경찰서,Y,,8,2019-09-24
초등학교,중리초등학교,대구광역시 서구 국채보상로 135,대구광역시 서구 이현동 48-60,35.86942806,128.5447308,대구광역시 서구청,서부경찰서,Y,,35,2019-09-24
유치원,중리초등학교병설유치원,대구광역시 서구 국채보상로 135,대구광역시 서구 이현동 48-60,35.86942806,128.5447308,대구광역시 서구청,서부경찰서,Y,,35,2019-09-24
초등학교,평리초등학교,대구광역시 서구 국채보상로53길 6-5,대구광역시 서구 평리동 1070-37,35.87239611,128.561343,대구광역시 서구청,서부경찰서,Y,,15,2019-09-24
유치원,평리초등학교병설유치원,대구광역시 서구 국채보상로53길 6-5,대구광역시 서구 평리동 1070-37,35.87239611,128.561343,대구광역시 서구청,서부경찰서,Y,,15,2019-09-24
유치원,달서유치원,대구광역시 서구 국채보상로 342,대구광역시 서구 비산동 338-24,35.871521,128.568165,대구광역시 서구청,서부경찰서,Y,,35,2019-09-24
유치원,상지유치원,대구광역시 서구 달서로 33,대구광역시 서구 내당동 940-1,35.86586634,128.5703329,대구광역시 서구청,서부경찰서,Y,,8,2019-09-24
유치원,성심유치원,대구광역시 서구 북비산로67길 31,대구광역시 서구 비산동 677,35.88339277,128.5708118,대구광역시 서구청,서부경찰서,Y,,8,2019-09-24
유치원,세화유치원,대구광역시 서구 서대구로5길 56,대구광역시 서구 내당동 308-14,35.86000712,128.5504904,대구광역시 서구청,서부경찰서,Y,,12,2019-09-24
유치원,신익유치원,대구광역시 서구 국채보상로81길 40,대구광역시 서구 비산동 125-1,35.8757971,128.5753861,대구광역시 서구청,서부경찰서,Y,,9,2019-09-24
유치원,에덴유치원,대구광역시 서구 큰장로13길 8,대구광역시 서구 내당동 1007,35.8669759,128.5742659,대구광역시 서구청,서부경찰서,Y,,8,2019-09-24
유치원,평리유치원,대구광역시 서구 국채보상로38길 19,대구광역시 서구 평리동 1423-5,35.86804519,128.5527372,대구광역시 서구청,서부경찰서,Y,,10,2019-09-24
유치원,평산유치원,대구광역시 서구 문화로63길 22,대구광역시 서구 비산동 485-2,35.877823,128.5685641,대구광역시 서구청,서부경찰서,Y,,8,2019-09-24
유치원,동양유치원,대구광역시 서구 평리로78길 8-12,대구광역시 서구 내당동 10-3,35.8654976,128.5651622,대구광역시 서구청,서부경찰서,Y,,7,2019-09-24
어린이집,궁전어린이집,대구광역시 서구 국채보상로61길 24,대구광역시 서구 평리동 1048-29,35.87426113,128.564552,대구광역시 서구청,서부경찰서,Y,,8,2019-09-24
어린이집,글나라어린이집,대구광역시 서구 국채보상로46길 31-27,대구광역시 서구 평리동 1344-15,35.868078,128.557647,대구광역시 서구청,서부경찰서,Y,,11,2019-09-24
어린이집,대구근로복지공단어린이집,대구광역시 서구 서대구로17길 28,대구광역시 서구 중리동 81-3,35.865136,128.552628,대구광역시 서구청,서부경찰서,Y,,10,2019-09-24
어린이집,동그라미어린이집,대구광역시 서구 북비산로 260,대구광역시 서구 평리동 669-19,35.87893412,128.561676,대구광역시 서구청,서부경찰서,Y,,9,2019-09-24
어린이집,동양어린이집,대구광역시 서구 통학로13길 6,대구광역시 서구 평리동 1198-13,35.866121,128.562147,대구광역시 서구청,서부경찰서,Y,,8,2019-09-24
어린이집,명문어린이집,대구광역시 서구 문화로 148,대구광역시 서구 평리동 1483-5,35.874245,128.5488201,대구광역시 서구청,서부경찰서,Y,,20,2019-09-24
어린이집,비산예지어린이집,대구광역시 서구 국채보상로72길 19,대구광역시 서구 비산동 317-3,35.8703826,128.5701545,대구광역시 서구청,서부경찰서,Y,,8,2019-09-24
어린이집,서대구공단어린이집,대구광역시 서구 평리로35길 10,대구광역시 서구 중리동 1136-92,35.860846,128.5435966,대구광역시 서구청,서부경찰서,Y,,12,2019-09-24
어린이집,성산어린이집,대구광역시 서구 옥산로6길 9,대구광역시?서구?원대동3가 1120-1,35.885754,128.578864,대구광역시 서구청,서부경찰서,Y,,8,2019-09-24
어린이집,아이성어린이집,대구광역시 서구 국채보상로83길 49,대구광역시 서구 비산동 128-1,35.875656,128.576145,대구광역시 서구청,서부경찰서,Y,,6,2019-09-24
어린이집,영재어린이집,대구광역시 서구 평리로 146,대구광역시 서구 중리동 701-3,35.85854025,128.5403882,대구광역시 서구청,서부경찰서,Y,,24,2019-09-24
어린이집,수화어린이집,대구광역시 서구 북비산로 389-1,대구광역시 서구 비산동 4-5,35.878942,128.5758842,대구광역시 서구청,서부경찰서,Y,,30,2019-09-24
어린이집,창의나라어린이집,대구광역시 서구 문화로51길 9,대구광역시 서구 평리동 945-8,35.8766374,128.5606027,대구광역시 서구청,서부경찰서,Y,,8,2019-09-24
어린이집,파란나라어린이집,대구광역시 서구 통학로 138,대구광역시 서구 평리동 1054-1,35.8725367,128.563097,대구광역시 서구청,서부경찰서,Y,,15,2019-09-24
어린이집,행복이가득한어린이집,대구광역시 서구 달서천로53길 18,대구광역시 서구 비산동 928-17,35.885643,128.5622608,대구광역시 서구청,서부경찰서,Y,,15,2019-09-24
어린이집,다인어린이집,대구광역시 서구 달서로7길 9,대구광역시 서구 내당동 901-28,35.8649326,128.5700955,대구광역시 서구청,서부경찰서,Y,,30,2019-09-24
어린이집,e-어린이집,대구광역시 서구 통학로20길14-1,대구광역시 서구 평리동 1174-13,35.86903956,128.565806,대구광역시 서구청,서부경찰서,Y,,12,2019-09-24
유치원,수성유치원,대구광역시 수성구 신천동로96길 45(수성동4가),대구광역시 수성구 수성동4가 1123-7,35.8647793231,128.6161397961,대구광역시 수성구,수성경찰서,N,,,2019-12-27
유치원,자연누리유치원,대구광역시 수성구 노변로 101,대구광역시 수성구 노변동 14-3,35.8405020005,128.7005282611,대구광역시 수성구,수성경찰서,Y,,,2019-12-27
유치원,황금유치원,대구광역시 수성구 청호로 300,대구광역시 수성구 황금동 9,35.8447454752,128.6416363926,대구광역시 수성구,수성경찰서,Y,,,2019-12-27
유치원,아이숲유치원,대구광역시 수성구 달구벌대로522길 166,대구광역시 수성구 만촌동 1088-7,35.851383,128.6441543403,대구광역시 수성구,수성경찰서,N,,,2019-12-27
어린이집,DGB어린이집,대구광역시 수성구 달구벌대로 2271-5(수성동4가),대구광역시 수성구 수성동4가 1227-11,35.860973,128.6108858522,대구광역시 수성구,수성경찰서,Y,,,2019-12-27
어린이집,계성어린이집,대구광역시 수성구 범어로 157(범어동),대구광역시 수성구 범어동 144-7,35.863437,128.635247,대구광역시 수성구,수성경찰서,Y,,,2019-12-27
어린이집,고운어린이집,대구광역시 수성구 노변공원로7길 6-24(노변동),대구광역시 수성구 노변동 337,35.8355410912,128.6983108806,대구광역시 수성구,수성경찰서,Y,,,2019-12-27
어린이집,금강어린이집,대구광역시 수성구 수성로75길 24(수성동1가),대구광역시 수성구 수성동1가 242,35.857311,128.612566,대구광역시 수성구,수성경찰서,Y,,,2019-12-27
어린이집,꿈나무어린이집,대구광역시 수성구 들안로2안길 27-15(두산동),대구광역시 수성구 두산동 159-1,35.832741,128.6192883837,대구광역시 수성구,수성경찰서,Y,,,2019-12-27
어린이집,덕일어린이집,대구광역시 수성구 청호로92길 26(범어동),대구광역시 수성구 범어동 64-135,35.855408,128.643261,대구광역시 수성구,수성경찰서,Y,,,2019-12-27
어린이집,리오바어린이집,대구광역시 수성구 달구벌대로528길 15(만촌동),대구광역시 수성구 만촌동 산395,35.8543706547,128.6468292559,대구광역시 수성구,수성경찰서,N,,,2019-12-27
어린이집,만촌어린이집,대구광역시 수성구 만촌로14길 11-2(만촌동),대구광역시 수성구 만촌동 971-23,35.865971,128.644057,대구광역시 수성구,수성경찰서,Y,,,2019-12-27
어린이집,멘토르어린이집,대구광역시 수성구 달구벌대로652길 16(신매동),대구광역시 수성구 신매동 149-4,35.836605,128.7112816972,대구광역시 수성구,수성경찰서,Y,,,2019-12-27
어린이집,모란어린이집,대구광역시 수성구 지산로3길 115(두산동),대구광역시 수성구 두산동 742-2,35.8249779926,128.626288,대구광역시 수성구,수성경찰서,Y,,,2019-12-27
어린이집,별하나어린이집,대구광역시 수성구 파동로51길 74(파동),대구광역시 수성구 파동 13-5,35.822682458,128.608831,대구광역시 수성구,수성경찰서,Y,,,2019-12-27
어린이집,삼덕어린이집,대구광역시 수성구 범어천로 61(범어동),대구광역시 수성구 범어동 805-27,35.852364,128.623394,대구광역시 수성구,수성경찰서,Y,,,2019-12-27
어린이집,상동어린이집,대구광역시 수성구 수성로32길 139(상동),대구광역시 수성구 상동 63-5,35.835277,128.612646,대구광역시 수성구,수성경찰서,Y,,,2019-12-27
어린이집,수성어린이집,대구광역시 수성구 명덕로76길 80-1(수성동1가),대구광역시 수성구 수성동1가 569,35.851047,128.611237,대구광역시 수성구,수성경찰서,Y,,,2019-12-27
어린이집,시지어린이집,대구광역시 수성구 고산로 160-15(매호동),대구광역시 수성구 매호동 969-1,35.844783079,128.707746,대구광역시 수성구,수성경찰서,Y,,,2019-12-27
어린이집,예지원어린이집,대구광역시 수성구 상화로 58(상동),대구광역시 수성구 상동 314-4,35.834646,128.613378,대구광역시 수성구,수성경찰서,Y,,,2019-12-27
어린이집,은성어린이집,대구광역시 수성구 교학로7길 16(만촌동),대구광역시 수성구 만촌동 870-17,35.851664,128.6529707841,대구광역시 수성구,수성경찰서,Y,,,2019-12-27
어린이집,전원어린이집,대구광역시 수성구 유니버시아드로68길 16(욱수동),대구광역시 수성구 욱수동 103,35.8278786449,128.706676,대구광역시 수성구,수성경찰서,Y,,,2019-12-27
어린이집,제일어린이집,대구광역시 수성구 용학로30길 82(지산동),대구광역시 수성구 지산동 1192-6,35.8213850684,128.6293956795,대구광역시 수성구,수성경찰서,Y,,,2019-12-27
어린이집,중동어린이집,대구광역시 수성구 희망로 121(중동),대구광역시 수성구 중동 316,35.8476209705,128.612134,대구광역시 수성구,수성경찰서,Y,,,2019-12-27
어린이집,지산어린이집,대구광역시 수성구 지산로14길 29(지산동),대구광역시 수성구 지산동 690,35.827079,128.635668,대구광역시 수성구,수성경찰서,Y,,,2019-12-27
어린이집,파동어린이집,대구광역시 수성구 파동로38길 45-3,대구광역시 수성구 파동 110-141,35.8190616572,128.6145928269,대구광역시 수성구,수성경찰서,Y,,,2019-12-27
어린이집,파란나라어린이집,대구광역시 수성구 청수로3길 61-15(중동),대구광역시 수성구 중동 486-2,35.844141,128.6098898543,대구광역시 수성구,수성경찰서,Y,,,2019-12-27
어린이집,향뜰어린이집,대구광역시 수성구 천을로 125(매호동),대구광역시 수성구 매호동 1324-2,35.844194,128.7042807802,대구광역시 수성구,수성경찰서,Y,,,2019-12-27
어린이집,화니어린이집,대구광역시 수성구 동대구로7길 14-14(두산동),대구광역시 수성구 두산동 120-4,35.834238,128.622789,대구광역시 수성구,수성경찰서,Y,,,2019-12-27
유치원,궁전유치원,대구광역시 수성구 범어로12길 6(범어동),대구광역시 수성구 범어동 271-87,35.854309,128.636535,대구광역시 수성구,수성경찰서,Y,,,2019-12-27
유치원,녹원유치원,"대구광역시 수성구 무학로 187(지산동, 녹원맨션)",대구광역시 수성구 지산동 761-8,35.8308549598,128.6288146883,대구광역시 수성구,수성경찰서,Y,,,2019-12-27
유치원,단비유치원,"대구광역시 수성구 신매로 51(신매동, 시지천마타운)",대구광역시 수성구 신매동 582,35.834472361,128.7060699255,대구광역시 수성구,수성경찰서,Y,,,2019-12-27
유치원,동도초교병설,대구광역시 수성구 동대구로57길 8,대구광역시 수성구 범어동 784-2,35.8570926987,128.624027,대구광역시 수성구,수성경찰서,Y,,,2019-12-27
유치원,동산초교병설,대구광역시 수성구 동대구로42길 29,대구광역시 수성구 범어동 678-3,35.8491401822,128.6280729295,대구광역시 수성구,수성경찰서,Y,,,2019-12-27
유치원,동신유치원,대구광역시 수성구 교학로4길 39(만촌동),대구광역시 수성구 만촌동 856-4,35.854779,128.6507608419,대구광역시 수성구,수성경찰서,Y,,,2019-12-27
유치원,동원초교병설,대구광역시 수성구 국채보상로 1000,대구광역시 수성구 만촌동 934,35.8648683803,128.6398859725,대구광역시 수성구,수성경찰서,Y,,,2019-12-27
유치원,동천초교병설,대구광역시 수성구 상록로16길 20,대구광역시 수성구 범어동 9,35.865845443,128.6252837996,대구광역시 수성구,수성경찰서,Y,,,2019-12-27
유치원,리리유치원,대구광역시 수성구 신천동로34길 19(중동),대구광역시 수성구 중동 609-1,35.8404037841,128.608955,대구광역시 수성구,수성경찰서,Y,,,2019-12-27
유치원,마리아유치원,대구광역시 수성구 범어천로 90(범어동),대구광역시 수성구 범어동 782-2,35.8557929198,128.623373855,대구광역시 수성구,수성경찰서,Y,,,2019-12-27
유치원,매동초교병설,대구광역시 수성구 천을로 31길 16,대구광역시 수성구 매호동 1008-1,35.8452124847,128.7092085943,대구광역시 수성구,수성경찰서,Y,,,2019-12-27
유치원,무열대유치원,대구광역시 수성구 무열로 56(만촌동),대구광역시 수성구 만촌동 599-1,35.863181,128.6517888421,대구광역시 수성구,수성경찰서,Y,,,2019-12-27
유치원,무지개유치원,대구광역시 수성구 천을로 16(시지동),대구광역시 수성구 시지동 155-3,35.844469,128.692702,대구광역시 수성구,수성경찰서,Y,,,2019-12-27
유치원,범어초교병설,대구광역시 수성구 달구벌대로489길 55,대구광역시 수성구 범어동 154,35.8606794772,128.6327723835,대구광역시 수성구,수성경찰서,Y,,,2019-12-27
유치원,복명초교병설,대구광역시 수성구 범안로20길 8,대구광역시 수성구 범물동 1293,35.8176277227,128.6472117118,대구광역시 수성구,수성경찰서,Y,,,2019-12-27
유치원,비안네유치원,대구광역시 수성구 달구벌대로650길 81(욱수동),대구광역시 수성구 욱수동 230-1,35.831299,128.708749,대구광역시 수성구,수성경찰서,Y,,,2019-12-27
유치원,사월초교병설,대구광역시 수성구 달구벌대로656길 46,대구광역시 수성구 신매동 57,35.8340526555,128.7150422929,대구광역시 수성구,수성경찰서,Y,,,2019-12-27
유치원,성동초교병설,대구광역시 수성구 청수로45길 27,대구광역시 수성구 황금동 373,35.8409042971,128.632218,대구광역시 수성구,수성경찰서,Y,,,2019-12-27
유치원,소암유치원,대구광역시 수성구 청솔로 119,대구광역시 수성구 수성동3가 36-1,35.8573905249,128.6209135521,대구광역시 수성구,수성경찰서,Y,,,2019-12-27
유치원,솔라유치원(수성세발자전거),대구광역시 수성구 용학로40길 57(지산동),대구광역시 수성구 지산동 1201-5,35.8185386695,128.6324930144,대구광역시 수성구,수성경찰서,Y,,,2019-12-27
유치원,시지초교병설,대구광역시 수성구 달구벌대로631길 17,대구광역시 수성구 매호동 1332-1,35.8437840268,128.7031925823,대구광역시 수성구,수성경찰서,Y,,,2019-12-27
유치원,시지하늘유치원,대구광역시 수성구 노변공원로3길 10(노변동),대구광역시 수성구 노변동 12-5,35.840338,128.699972,대구광역시 수성구,수성경찰서,Y,,,2019-12-27
유치원,신세계유치원,대구광역시 수성구 신천동로62길 17(수성동1가),대구광역시 수성구 수성동1가 640-3,35.852548,128.6099755093,대구광역시 수성구,수성경찰서,Y,,,2019-12-27
유치원,아인슈타인유치원,"대구광역시 수성구 수성로 412(수성동4가, 수성보성타운)",대구광역시 수성구 수성동4가 1090-6,35.8620115844,128.6144894718,대구광역시 수성구,수성경찰서,Y,,,2019-12-27
유치원,예나유치원,"대구광역시 수성구 욱수천로 133(사월동, 시지2차사월보성타운)",대구광역시 수성구 사월동 464,35.840293,128.7162017438,대구광역시 수성구,수성경찰서,Y,,,2019-12-27
유치원,예쁜유치원,"대구광역시 수성구 용학로 272(범물동, 범물창신태성한라맨션)",대구광역시 수성구 범물동 1336,35.8204994655,128.6393842982,대구광역시 수성구,수성경찰서,Y,,,2019-12-27
유치원,전원유치원,"대구광역시 수성구 시지로 45(시지동, 청구전원아파트)",대구광역시 수성구 시지동 349,35.84026789,128.6961805252,대구광역시 수성구,수성경찰서,Y,,,2019-12-27
유치원,중앙초교병설,대구광역시 수성구 만촌로 125,대구광역시 수성구 만촌동 1425,35.8700129331,128.6403507079,대구광역시 수성구,수성경찰서,Y,,,2019-12-27
유치원,천사유치원,"대구광역시 수성구 신매로 91(신매동, 시지삼주한라협화타운)",대구광역시 수성구 신매동 570,35.8374911549,128.7069579396,대구광역시 수성구,수성경찰서,Y,,,2019-12-27
유치원,청림초교병실,대구광역시 수성구 고산로 51,대구광역시 수성구 노변동 272,35.8356351837,128.7033769036,대구광역시 수성구,수성경찰서,Y,,,2019-12-27
유치원,한국예술유치원(구.호돌이),대구광역시 수성구 용학로34길 8(지산동),대구광역시 수성구 지산동 1186-3,35.822092,128.6270903435,대구광역시 수성구,수성경찰서,Y,,,2019-12-27
유치원,금강유치원,대구광역시 수성구 동대구로50길 108(범어동),대구광역시 수성구 범어동 636-1,35.8493835522,128.628768,대구광역시 수성구,수성경찰서,Y,,,2019-12-27
유치원,금별유치원,대구광역시 수성구 지범로40길 11(범물동),대구광역시 수성구 범물동 1328,35.8184909364,128.6426091429,대구광역시 수성구,수성경찰서,Y,,,2019-12-27
초등학교,경동초등학교,대구광역시 수성구 청호로76길 12(범어동),대구광역시 수성구 범어동 89,35.8522052607,128.6393815998,대구광역시 수성구,수성경찰서,Y,,,2019-12-27
초등학교,고산초등학교,대구광역시 수성구 달구벌대로 3067(시지동),대구광역시 수성구 시지동 161-1,35.8439547383,128.693198,대구광역시 수성구,수성경찰서,Y,,,2019-12-27
초등학교,노변초등학교,대구광역시 수성구 노변공원로 52(시지동),대구광역시 수성구 시지동 497,35.837745909,128.697627478,대구광역시 수성구,수성경찰서,Y,,,2019-12-27
초등학교,대청초등학교,대구광역시 수성구 교학로12길 42(만촌동),대구광역시 수성구 만촌동 873,35.8509077391,128.6501667861,대구광역시 수성구,수성경찰서,Y,,,2019-12-27
초등학교,동도초등학교,대구광역시 수성구 동대구로57길 8(범어동),대구광역시 수성구 범어동 784-2,35.8570926987,128.624038,대구광역시 수성구,수성경찰서,Y,,,2019-12-27
초등학교,동문초등학교,대구광역시 수성구 효행로2길 111(만촌동),대구광역시 수성구 만촌동 262,35.874856,128.6524256544,대구광역시 수성구,수성경찰서,Y,,,2019-12-27
유치원,동문초등병설,대구광역시 수성구 효행로2길 111(만촌동),대구광역시 수성구 만촌동 262,35.874856,128.6524256544,대구광역시 수성구,수성경찰서,Y,,,2019-12-27
초등학교,동산초등학교,대구광역시 수성구 동대구로42길 29(범어동),대구광역시 수성구 범어동 678-3,35.849159,128.6280729295,대구광역시 수성구,수성경찰서,Y,,,2019-12-27
초등학교,동성초등학교,대구광역시 수성구 수성로 311(수성동1가),대구광역시 수성구 수성동1가 282,35.8534457625,128.6127129467,대구광역시 수성구,수성경찰서,Y,,,2019-12-27
초등학교,동원초등학교,대구광역시 수성구 국채보상로 1000(만촌동),대구광역시 수성구 만촌동 934,35.8648683803,128.6398859725,대구광역시 수성구,수성경찰서,Y,,,2019-12-27
초등학교,동일초등학교,대구광역시 수성구 들안로 311(수성동2가),대구광역시 수성구 수성동2가 17-1,35.8581009045,128.6168809197,대구광역시 수성구,수성경찰서,Y,,,2019-12-27
초등학교,동천초등학교,대구광역시 수성구 상록로16길 20(범어동),대구광역시 수성구 범어동 9,35.865845443,128.6252837996,대구광역시 수성구,수성경찰서,Y,,,2019-12-27
초등학교,두산초등학교,대구광역시 수성구 동대구로6길 31(지산동),대구광역시 수성구 지산동 1043,35.8325968529,128.6260881781,대구광역시 수성구,수성경찰서,Y,,,2019-12-27
초등학교,만촌초등학교,대구광역시 수성구 국채보상로214길 33(만촌동),대구광역시 수성구 만촌동 980,35.8666904417,128.6479211335,대구광역시 수성구,수성경찰서,Y,,,2019-12-27
초등학교,매동초등학교,대구광역시 수성구 천을로31길 16(매호동),대구광역시 수성구 매호동 1010,35.8452124847,128.709212,대구광역시 수성구,수성경찰서,Y,,,2019-12-27
초등학교,매호초등학교,대구광역시 수성구 달구벌대로647길 30(매호동),대구광역시 수성구 매호동 611-1,35.841593,128.7121172767,대구광역시 수성구,수성경찰서,Y,,,2019-12-27
초등학교,범물초등학교,대구광역시 수성구 지범로41길 33(범물동),대구광역시 수성구 범물동 1279-1,35.821484423,128.6448571951,대구광역시 수성구,수성경찰서,Y,,,2019-12-27
초등학교,범어초등학교,대구광역시 수성구 달구벌대로489길 55(범어동),대구광역시 수성구 범어동 154,35.860662,128.6327723835,대구광역시 수성구,수성경찰서,Y,,,2019-12-27
초등학교,범일초등학교,대구광역시 수성구 범안로4길 22(범물동),대구광역시 수성구 범물동 1364,35.8163149162,128.6388291375,대구광역시 수성구,수성경찰서,Y,,,2019-12-27
초등학교,복명초등학교,대구광역시 수성구 범안로20길 8(범물동),대구광역시 수성구 범물동 1293,35.817658,128.647227,대구광역시 수성구,수성경찰서,Y,,,2019-12-27
초등학교,사월초등학교,대구광역시 수성구 달구벌대로656길 46(신매동),대구광역시 수성구 신매동 57-1,35.8340526555,128.7150422929,대구광역시 수성구,수성경찰서,Y,,,2019-12-27
초등학교,성동초등학교,대구광역시 수성구 청수로45길 27(황금동),대구광역시 수성구 황금동 373,35.8409042971,128.6322828099,대구광역시 수성구,수성경찰서,Y,,,2019-12-27
초등학교,수성초등학교,대구광역시 수성구 상화로5길 40(상동),대구광역시 수성구 상동 89-2,35.836837,128.6101590305,대구광역시 수성구,수성경찰서,Y,,,2019-12-27
유치원,수성초등병설,대구광역시 수성구 상화로5길 40(상동),대구광역시 수성구 상동 89-2,35.836837,128.6101590305,대구광역시 수성구,수성경찰서,Y,,,2019-12-27
초등학교,시지초등학교,대구광역시 수성구 달구벌대로631길 17(매호동),대구광역시 수성구 매호동 1332-1,35.843725,128.7031925823,대구광역시 수성구,수성경찰서,Y,,,2019-12-27
초등학교,신매초등학교,대구광역시 수성구 달구벌대로650길 26(신매동),대구광역시 수성구 신매동 583,35.8363451697,128.709212,대구광역시 수성구,수성경찰서,Y,,,2019-12-27
초등학교,용지초등학교,대구광역시 수성구 지산로 12(지산동),대구광역시 수성구 지산동 1272,35.822008,128.632722,대구광역시 수성구,수성경찰서,Y,,,2019-12-27
초등학교,욱수초등학교,대구광역시 수성구 신매로 20(신매동),대구광역시 수성구 신매동 602,35.8313781608,128.7076989614,대구광역시 수성구,수성경찰서,Y,,,2019-12-27
초등학교,중앙초등학교,대구광역시 수성구 만촌로 125(만촌동),대구광역시 수성구 만촌동 1425,35.8700129331,128.6403507079,대구광역시 수성구,수성경찰서,Y,,,2019-12-27
초등학교,지봉초등학교,대구광역시 수성구 지범로31길 45(지산동),대구광역시 수성구 지산동 1296,35.8254651935,128.6408054047,대구광역시 수성구,수성경찰서,Y,,,2019-12-27
초등학교,지산초등학교,대구광역시 수성구 지범로17길 3-14(지산동),대구광역시 수성구 지산동 1149,35.8269580694,128.6301691131,대구광역시 수성구,수성경찰서,Y,,,2019-12-27
초등학교,청림초등학교,대구광역시 수성구 고산로 51(노변동),대구광역시 수성구 노변동 367-2,35.8356351837,128.7033769036,대구광역시 수성구,수성경찰서,Y,,,2019-12-27
초등학교,파동초등학교,대구광역시 수성구 파동로51길 34(파동),대구광역시 수성구 파동 8,35.8246830927,128.6077312552,대구광역시 수성구,수성경찰서,Y,,,2019-12-27
초등학교,황금초등학교,대구광역시 수성구 들안로32길 22(황금동),대구광역시 수성구 황금동 820,35.8442211642,128.618389,대구광역시 수성구,수성경찰서,Y,,,2019-12-27
유치원,황금초등병설,대구광역시 수성구 들안로32길 22(황금동),대구광역시 수성구 황금동 820,35.8442211642,128.618389,대구광역시 수성구,수성경찰서,Y,,,2019-12-27
특수학교,남양특수학교,대구광역시 수성구 무학로37안길 6(지산동),대구광역시 수성구 지산동 1022,35.834025,128.629108,대구광역시 수성구,수성경찰서,Y,,,2019-12-27
초등학교,삼육초등학교,대구광역시 수성구 청수로 22-23(중동),대구광역시 수성구 중동 410-1,35.8397655677,128.610697,대구광역시 수성구,수성경찰서,Y,,,2019-12-27
초등학교,들안길초등학교,대구광역시 수성구 들안로16길 58(두산동),대구광역시 수성구 두산동 28-2,35.8388679279,128.618451,대구광역시 수성구,수성경찰서,Y,,,2019-12-27
유치원,들안길초등병설,대구광역시 수성구 들안로16길 58(두산동),대구광역시 수성구 두산동 28-2,35.8388679279,128.618451,대구광역시 수성구,수성경찰서,Y,,,2019-12-27
어린이집,동산어린이집,대구광역시 수성구 달구벌대로652길 65-6(욱수동),대구광역시 수성구 욱수동 241-10,35.832271,128.710217,대구광역시 수성구,수성경찰서,Y,,,2019-12-27
유치원,삼덕유치원,대구광역시 수성구 지범로48길 27(범물동),대구광역시 수성구 범물동 702,35.8144807103,128.6438054759,대구광역시 수성구,수성경찰서,Y,,,2019-12-27
유치원,청수유치원,대구광역시 수성구 달구벌대로504길 20(범어동),대구광역시 수성구 범어동 117-26,35.856896,128.638055,대구광역시 수성구,수성경찰서,Y,,,2019-12-27
유치원,범어유치원,대구광역시 수성구 국채보상로186길 121(범어동),대구광역시 수성구 범어동 142-33,35.8630122454,128.6343169578,대구광역시 수성구,수성경찰서,Y,,,2019-12-27
유치원,보노유치원,대구광역시 수성구 국채보상로 955-2(만촌동),대구광역시 수성구 만촌동 422-9,35.8679118252,128.6353032682,대구광역시 수성구,수성경찰서,Y,,,2019-12-27
유치원,아너스유치원,대구광역시 수성구 천을로 199(매호동),대구광역시 수성구 매호동 614-1,35.8421174736,128.712181,대구광역시 수성구,수성경찰서,Y,,,2019-12-27
유치원,행복한유치원,대구광역시 수성구 성동로 54(사월동),대구광역시 수성구 사월동 35,35.839476,128.723982,대구광역시 수성구,수성경찰서,Y,,,2019-12-27
유치원,아일랜드유치원,대구광역시 수성구 국채보상로 990-10(범어동),대구광역시 수성구 범어동 424-3,35.8653941414,128.638346,대구광역시 수성구,수성경찰서,Y,,,2019-12-27
유치원,그레이프유치원,대구광역시 수성구 세진로 28(범어동),대구광역시 수성구 범어동 252-4,35.861883,128.638739,대구광역시 수성구,수성경찰서,Y,,,2019-12-27
학원,김샘학원,대구광역시 수성구 달구벌대로525길 6(만촌동),대구광역시 수성구 만촌동 738-4,35.8573353146,128.650123,대구광역시 수성구,수성경찰서,Y,,,2019-12-27
유치원,이바유치원,대구광역시 수성구 파동로30길 61(파동),대구광역시 수성구 파동 산1-7,35.821523,128.615549,대구광역시 수성구,수성경찰서,Y,,,2019-12-27
유치원,프랜즈유치원,대구광역시 수성구 국채보상로200길 9(만촌동),대구광역시 수성구 만촌동 950-2,35.8653690429,128.6404409686,대구광역시 수성구,수성경찰서,Y,,,2019-12-27
유치원,동영유치원,대구광역시 수성구 파동로51길 80(파동),대구광역시 수성구 파동 20-3,35.8223756175,128.6088487275,대구광역시 수성구,수성경찰서,Y,,,2019-12-27
어린이집,진선미어린이집,대구광역시 수성구 들안로 19길 18(상동),대구광역시 수성구 상동 15-1,35.8391566001,128.6154427159,대구광역시 수성구,수성경찰서,Y,,,2019-12-27
유치원,시지아이숲유치원,대구광역시 수성구 달구벌대로 625길 25,대구광역시 수성구 시지동 37,35.8442953125,128.6994139448,대구광역시 수성구,수성경찰서,Y,,,2019-12-27
어린이집,수성영희어린이집,대구광역시 수성구 신천동로 86길 25,대구광역시 수성구 수성동4가 1198,35.8616838291,128.6117861105,대구광역시 수성구,수성경찰서,Y,,,2019-12-27
어린이집,뉴대구어린이집,대구광역시 수성구 교학로 5길 55,대구광역시 수성구 만촌동 870-18,35.8509103805,128.6528587448,대구광역시 수성구,수성경찰서,Y,,,2019-12-27
초등학교,수창초등학교,대구광역시 중구 달성로22길 30,대구광역시 중구 수창동 73,35.874296,128.5834440055,대구광역시 중구청,대구광역시 중부경찰서,Y,12.0,7~30,2019-06-01
초등학교,남산초등학교,대구광역시 중구 남산로 70,대구광역시 중구 남산동 122,35.863204,128.5827598189,대구광역시 중구청,대구광역시 중부경찰서,Y,12.0,9~32,2019-06-01
초등학교,명덕초등학교,대구광역시 중구 남산로2길 125,대구광역시 중구 남산동 2113,35.8575390152,128.589027021,대구광역시 중구청,대구광역시 중부경찰서,Y,14.0,4~15,2019-06-01
초등학교,종로초등학교,대구광역시 중구 경상감영길 49,대구광역시 중구 서문로1가 1-5,35.8724962299,128.5897065682,대구광역시 중구청,대구광역시 중부경찰서,Y,8.0,6~12,2019-06-01
초등학교,삼덕초등학교,대구광역시 중구 달구벌대로447길 10,대구광역시 중구 삼덕동3가 316,35.863588,128.6078430869,대구광역시 중구청,대구광역시 중부경찰서,Y,11.0,4~8,2019-06-01
초등학교,동인초등학교,대구광역시 중구 국채보상로 728,대구광역시 중구 동인동4가 388,35.8680836639,128.6095066499,대구광역시 중구청,대구광역시 중부경찰서,Y,12.0,5~15,2019-06-01
초등학교,경대사범대부설초등학교,대구광역시 중구 달구벌대로 2150,대구광역시 중구 봉산동 162,35.863582926,128.5980661173,대구광역시 중구청,대구광역시 중부경찰서,Y,6.0,5~11,2019-06-01
초등학교,계성초등학교,대구광역시 중구 달성로 15,대구광역시 중구 대신동 280-2,35.8660756184,128.5815806743,대구광역시 중구청,대구광역시 중부경찰서,Y,9.0,4~32,2019-06-01
초등학교,동덕초등학교,대구광역시 중구 동덕로26길 20,대구광역시 중구 삼덕동2가 227,35.864739,128.604646,대구광역시 중구청,대구광역시 중부경찰서,Y,9.0,5~13,2019-06-01
초등학교,대구화교초등학교,대구광역시 중구 종로 34,대구광역시 중구 남일동 142,35.868893,128.5918827,대구광역시 중구청,대구광역시 중부경찰서,Y,1.0,12,2019-06-01
유치원,서문유치원,대구광역시 중구 국채보상로93길 9,대구광역시 중구 대신동 180-1,35.871007,128.580485,대구광역시 중구청,대구광역시 중부경찰서,Y,4.0,7~9,2019-06-01
유치원,YMCA유치원,대구광역시 중구 중앙대로 375,대구광역시 중구 덕산동 116,35.866686,128.593173,대구광역시 중구청,대구광역시 중부경찰서,Y,1.0,8~9,2019-06-01
유치원,원만사유치원,대구광역시 중구 달구벌대로 2013,대구광역시 중구 동산동 708,35.8658471992,128.5838700214,대구광역시 중구청,대구광역시 중부경찰서,Y,2.0,43~44,2019-06-01
유치원,성모유치원,대구광역시 중구 남산로4길 90,대구광역시 중구 남산동 2200,35.8606148493,128.5862146141,대구광역시 중구청,대구광역시 중부경찰서,Y,8.0,10~11,2019-06-01
유치원,보나유치원,대구광역시 중구 남산로7길 86,대구광역시 중구 남산동 2482-455,35.860456,128.579243,대구광역시 중구청,대구광역시 중부경찰서,Y,8.0,7~11,2019-06-01
어린이집,백합어린이집,대구광역시 중구 남산로4길 111,대구광역시 중구 남산동 190-1,35.8623218814,128.5860582232,대구광역시 중구청,대구광역시 중부경찰서,Y,3.0,10~11,2019-06-01
어린이집,남산교회어린이집,대구광역시 중구 관덕정길 16,대구광역시 중구 남산동 941-1,35.8650401,128.590565,대구광역시 중구청,대구광역시 중부경찰서,Y,5.0,6~10,2019-06-01
초등학교,대구초등학교,대구광역시 중구 명륜로23길 80,대구광역시 중구 봉산동 57,35.8640369029,128.595369577,대구광역시 중구청,대구광역시 중부경찰서,Y,12.0,3~12,2019-06-01
어린이집,대구삼성어린이집,대구광역시 중구 달구벌대로 2016-40,대구광역시 중구 남산동 153-2,35.864469,128.584301,대구광역시 중구청,대구광역시 중부경찰서,Y,2.0,7~8,2019-06-01
어린이집,동화나라어린이집,대구광역시 중구 남산로3안길 20,대구광역시 중구 남산동 2623-6,35.860371,128.577492,대구광역시 중구청,대구광역시 중부경찰서,Y,5.0,6~8,2019-06-01
어린이집,꿈나무어린이집,대구광역시 중구 남산로7길 35,대구광역시 중구 남산동 2508-2,35.8584830648,128.5805840705,대구광역시 중구청,대구광역시 중부경찰서,Y,4.0,7~11,2019-06-01
